{"type":"Feature","properties":{"MUN":"AVALON BORO","COUNTY":"CAPE MAY","MUN_LABEL":"Avalon Borough","MUN_TYPE":"Borough","NAME":"Avalon Borough","GNIS_NAME":"Borough of Avalon"},"geometry":{"type":"Polygon","coordinates":[[[-74.7470612,39.0622688],[-74.7480667,39.0627832],[-74.7489165,39.0632179],[-74.7499274,39.0637417],[-74.7503818,39.0639771],[-74.7520338,39.0648235],[-74.752408,39.0650152],[-74.7541371,39.0658976],[-74.7541123,39.0659237],[-74.7540892,39.0659507],[-74.754068,39.0659786],[-74.7540487,39.0660073],[-74.7540314,39.0660368],[-74.7540161,39.0660669],[-74.7540028,39.0660976],[-74.7539915,39.0661288],[-74.7539824,39.0661604],[-74.7539754,39.0661923],[-74.7539706,39.0662245],[-74.753968,39.0662569],[-74.7539675,39.0662893],[-74.7539692,39.0663216],[-74.753973,39.0663539],[-74.753979,39.0663859],[-74.7539872,39.0664177],[-74.7539975,39.0664491],[-74.7540098,39.06648],[-74.7540243,39.0665104],[-74.7540407,39.0665402],[-74.7540565,39.0665669],[-74.7540707,39.0665933],[-74.7540831,39.0666193],[-74.7540939,39.0666449],[-74.754103,39.0666701],[-74.7541103,39.0666948],[-74.754116,39.0667191],[-74.7541199,39.0667429],[-74.7541224,39.0667674],[-74.7541234,39.0667926],[-74.7541231,39.0668185],[-74.7541213,39.0668448],[-74.7541182,39.0668715],[-74.7541137,39.0668984],[-74.7541079,39.0669252],[-74.7541007,39.0669517],[-74.754096,39.0669661],[-74.7540897,39.0669818],[-74.7540819,39.0669988],[-74.7540581,39.0670485],[-74.7540514,39.0670642],[-74.7540463,39.0670784],[-74.7540401,39.0670992],[-74.7540348,39.0671205],[-74.7540306,39.0671424],[-74.7540273,39.067165],[-74.7540251,39.0671883],[-74.7540237,39.0672125],[-74.7540233,39.0672375],[-74.7540239,39.0672637],[-74.754025,39.0672866],[-74.7540269,39.0673106],[-74.7540327,39.0673631],[-74.7540399,39.0674131],[-74.7540581,39.0675287],[-74.7540655,39.0675836],[-74.7540721,39.0676362],[-74.75408,39.0676894],[-74.7540889,39.0677432],[-74.7540991,39.0677976],[-74.7541104,39.0678527],[-74.7541229,39.0679085],[-74.7541365,39.067965],[-74.7541514,39.0680224],[-74.7541674,39.0680804],[-74.7541846,39.0681393],[-74.7542031,39.0681992],[-74.7542228,39.0682601],[-74.7542438,39.068322],[-74.7542661,39.0683852],[-74.7542898,39.0684498],[-74.7543149,39.0685159],[-74.7543302,39.0685535],[-74.7543473,39.0685925],[-74.7543666,39.0686333],[-74.7543883,39.0686768],[-74.7544081,39.0687146],[-74.7544307,39.0687567],[-74.7545079,39.0688957],[-74.7545361,39.0689474],[-74.7545631,39.0689986],[-74.7545864,39.0690451],[-74.7546093,39.0690939],[-74.7546291,39.0691402],[-74.7546463,39.0691846],[-74.7546609,39.0692277],[-74.7546663,39.0692459],[-74.7546714,39.069265],[-74.7546808,39.0693069],[-74.7546884,39.0693479],[-74.7547056,39.0694505],[-74.7547111,39.0694792],[-74.7547167,39.0695049],[-74.7547238,39.0695328],[-74.7547315,39.0695587],[-74.75474,39.069583],[-74.7547495,39.0696061],[-74.7547683,39.0696477],[-74.7547858,39.0696828],[-74.7548032,39.0697143],[-74.7548209,39.069743],[-74.7548397,39.0697696],[-74.7548622,39.0697983],[-74.7548884,39.0698291],[-74.7549285,39.0698741],[-74.75494,39.0698865],[-74.7549524,39.0698992],[-74.7549809,39.0699262],[-74.7550094,39.0699514],[-74.7550794,39.0700111],[-74.7551138,39.0700423],[-74.7551301,39.0700583],[-74.7551448,39.0700736],[-74.7551581,39.0700886],[-74.7551701,39.0701033],[-74.7551805,39.0701173],[-74.7551906,39.0701322],[-74.7552007,39.0701481],[-74.7552107,39.0701654],[-74.7552296,39.0702012],[-74.7552645,39.0702733],[-74.7552797,39.0703032],[-74.7552969,39.0703338],[-74.755314,39.0703605],[-74.7553329,39.0703869],[-74.7553534,39.0704131],[-74.7553755,39.0704394],[-74.7553993,39.0704657],[-74.7554248,39.0704922],[-74.7554521,39.0705189],[-74.7554814,39.070546],[-74.755513,39.0705736],[-74.7555398,39.0705962],[-74.7555684,39.0706195],[-74.7555991,39.0706438],[-74.7556326,39.0706695],[-74.7556952,39.0707163],[-74.7558458,39.0708268],[-74.755885,39.0708562],[-74.7559199,39.070883],[-74.755955,39.0709107],[-74.7559873,39.0709371],[-74.7560174,39.0709626],[-74.7560456,39.0709876],[-74.7560933,39.0710322],[-74.7561445,39.0710827],[-74.7561966,39.0711361],[-74.7562973,39.071242],[-74.7563395,39.0712858],[-74.7563844,39.0713311],[-74.7564256,39.071371],[-74.7564502,39.0713941],[-74.7564744,39.071416],[-74.7564982,39.0714368],[-74.7565217,39.0714566],[-74.7565451,39.0714756],[-74.7565685,39.0714937],[-74.7565918,39.0715111],[-74.7566151,39.0715277],[-74.7566367,39.0715424],[-74.7566608,39.071558],[-74.7567716,39.0716264],[-74.7567976,39.071643],[-74.7568204,39.0716583],[-74.7568422,39.0716736],[-74.7568644,39.0716899],[-74.7568872,39.0717073],[-74.7569107,39.0717261],[-74.7569634,39.07177],[-74.7570736,39.0718658],[-74.7571224,39.071907],[-74.7571496,39.0719291],[-74.7571755,39.0719492],[-74.7572005,39.0719679],[-74.7572251,39.0719853],[-74.7572664,39.0720128],[-74.7573131,39.072042],[-74.7573646,39.0720725],[-74.7574703,39.0721334],[-74.7575148,39.0721595],[-74.7575609,39.0721876],[-74.7576014,39.0722136],[-74.7576853,39.0722696],[-74.7577494,39.0723134],[-74.7578067,39.0723535],[-74.7578584,39.0723912],[-74.7579074,39.0724283],[-74.7579527,39.0724644],[-74.7579948,39.0724999],[-74.7580342,39.0725349],[-74.7580462,39.0725467],[-74.758059,39.0725604],[-74.7581066,39.0726169],[-74.7581176,39.0726292],[-74.7581277,39.0726398],[-74.7581399,39.0726513],[-74.7581519,39.0726612],[-74.7581639,39.0726697],[-74.7581761,39.0726769],[-74.7581893,39.0726833],[-74.7582035,39.072689],[-74.7582187,39.0726939],[-74.7582349,39.0726982],[-74.7582522,39.0727017],[-74.7582705,39.0727044],[-74.75829,39.0727066],[-74.7583108,39.072708],[-74.7583305,39.0727087],[-74.7583513,39.0727088],[-74.7583737,39.0727085],[-74.7583978,39.0727076],[-74.7584392,39.0727052],[-74.7585271,39.0726987],[-74.7585637,39.0726964],[-74.758591,39.0726941],[-74.7586216,39.07269],[-74.7586513,39.0726849],[-74.758725,39.0726709],[-74.7587456,39.0726674],[-74.7587641,39.0726648],[-74.7587844,39.0726627],[-74.7588033,39.0726614],[-74.7588212,39.0726611],[-74.7588383,39.0726617],[-74.7588601,39.0726639],[-74.7588827,39.0726676],[-74.7589063,39.0726728],[-74.7589314,39.0726798],[-74.7589531,39.0726867],[-74.7589772,39.0726951],[-74.7590568,39.0727253],[-74.7590863,39.0727361],[-74.7591156,39.0727457],[-74.7591422,39.0727532],[-74.7591693,39.0727597],[-74.7591978,39.0727658],[-74.7592282,39.0727716],[-74.759261,39.0727772],[-74.7593221,39.0727864],[-74.7594687,39.0728064],[-74.7595073,39.0728123],[-74.7595419,39.0728182],[-74.7595774,39.0728251],[-74.7596104,39.0728324],[-74.7596414,39.0728402],[-74.7596707,39.0728487],[-74.7596965,39.0728576],[-74.7597228,39.0728684],[-74.7597499,39.0728813],[-74.7597783,39.0728966],[-74.7598035,39.0729113],[-74.7598311,39.0729285],[-74.759925,39.0729906],[-74.7599617,39.0730139],[-74.7599812,39.0730256],[-74.7599996,39.0730361],[-74.7600172,39.0730454],[-74.7600343,39.0730538],[-74.7600544,39.0730628],[-74.7600741,39.0730706],[-74.7600935,39.0730771],[-74.7601126,39.0730825],[-74.7601315,39.0730867],[-74.7601504,39.0730898],[-74.7601691,39.0730918],[-74.7601879,39.0730926],[-74.760203,39.0730924],[-74.7602198,39.0730914],[-74.7602393,39.0730895],[-74.7602991,39.0730825],[-74.7603181,39.0730811],[-74.760335,39.0730807],[-74.7603556,39.073081],[-74.7603766,39.073082],[-74.7603978,39.0730836],[-74.7604193,39.0730857],[-74.760441,39.0730885],[-74.760463,39.0730919],[-74.760485,39.0730958],[-74.7605071,39.0731003],[-74.7605294,39.0731054],[-74.7605516,39.073111],[-74.7605738,39.0731172],[-74.7605958,39.0731239],[-74.7606176,39.073131],[-74.7606392,39.0731387],[-74.7606604,39.0731468],[-74.7606812,39.0731554],[-74.7607061,39.0731665],[-74.7607312,39.0731789],[-74.7607562,39.0731923],[-74.7607812,39.0732069],[-74.7608062,39.0732225],[-74.7608309,39.0732391],[-74.7608554,39.0732566],[-74.7608794,39.073275],[-74.7608916,39.0732851],[-74.7609045,39.073297],[-74.7609432,39.0733357],[-74.7609562,39.0733482],[-74.7609679,39.0733587],[-74.7609791,39.0733677],[-74.7609978,39.0733809],[-74.761018,39.0733929],[-74.7610396,39.0734037],[-74.7610628,39.0734133],[-74.7610875,39.0734218],[-74.7611139,39.0734291],[-74.761142,39.0734354],[-74.7611721,39.0734406],[-74.7612001,39.0734443],[-74.7612299,39.0734472],[-74.7612619,39.0734495],[-74.7612967,39.0734511],[-74.7613294,39.0734519],[-74.761366,39.0734524],[-74.7615015,39.0734521],[-74.7615569,39.0734526],[-74.7616136,39.0734544],[-74.7616392,39.0734558],[-74.7616635,39.0734577],[-74.7616918,39.0734605],[-74.7617186,39.073464],[-74.761744,39.0734681],[-74.7617681,39.073473],[-74.7617911,39.0734785],[-74.761813,39.0734847],[-74.7618338,39.0734917],[-74.7618537,39.0734995],[-74.7618731,39.0735081],[-74.7618929,39.0735178],[-74.7619133,39.0735288],[-74.7619348,39.0735413],[-74.7619734,39.0735655],[-74.7620623,39.0736241],[-74.7620853,39.0736385],[-74.7621065,39.0736509],[-74.7621274,39.0736625],[-74.7621476,39.0736727],[-74.7621674,39.0736817],[-74.7621868,39.0736896],[-74.762204,39.0736956],[-74.7622225,39.0737011],[-74.7622425,39.0737062],[-74.7622646,39.0737109],[-74.7622844,39.0737145],[-74.7623068,39.0737181],[-74.7623824,39.0737289],[-74.7624104,39.0737332],[-74.7624378,39.0737381],[-74.7624618,39.0737433],[-74.7624867,39.07375],[-74.762509,39.0737574],[-74.7625291,39.0737658],[-74.7625383,39.0737704],[-74.7625471,39.0737752],[-74.7625629,39.0737854],[-74.7625782,39.0737972],[-74.762593,39.0738108],[-74.7626078,39.0738263],[-74.7626206,39.0738414],[-74.7626341,39.0738589],[-74.762681,39.0739251],[-74.7627012,39.0739517],[-74.7627126,39.0739654],[-74.7627238,39.0739778],[-74.7627351,39.073989],[-74.7627464,39.0739992],[-74.7627835,39.0740296],[-74.7628191,39.0740567],[-74.762854,39.074081],[-74.7628712,39.0740921],[-74.7628884,39.0741026],[-74.7629151,39.0741177],[-74.7629454,39.0741334],[-74.7629796,39.0741499],[-74.7630302,39.0741731],[-74.7630482,39.0741808],[-74.7630678,39.074188],[-74.7630891,39.0741949],[-74.7631125,39.0742016],[-74.7631347,39.0742073],[-74.7631599,39.0742132],[-74.7632512,39.0742327],[-74.7632874,39.074241],[-74.7633238,39.0742506],[-74.76334,39.0742554],[-74.763355,39.0742605],[-74.7633724,39.074267],[-74.7633885,39.0742738],[-74.7634033,39.074281],[-74.763417,39.0742887],[-74.7634296,39.0742968],[-74.7634411,39.0743054],[-74.7634516,39.0743145],[-74.7634611,39.0743242],[-74.7634764,39.0743421],[-74.7634901,39.0743602],[-74.7635018,39.0743781],[-74.7635113,39.0743952],[-74.7635163,39.0744075],[-74.7635195,39.0744206],[-74.7635209,39.0744346],[-74.7635206,39.0744498],[-74.7635187,39.0744656],[-74.7635152,39.0744833],[-74.7635103,39.0745019],[-74.7634953,39.0745543],[-74.7634916,39.0745704],[-74.7634891,39.0745846],[-74.7634875,39.0746008],[-74.7634877,39.0746157],[-74.7634896,39.0746296],[-74.7634932,39.0746425],[-74.7634994,39.0746588],[-74.7635063,39.0746746],[-74.7635139,39.0746899],[-74.7635219,39.0747044],[-74.7635303,39.0747179],[-74.7635391,39.0747304],[-74.7635482,39.0747417],[-74.7635575,39.074752],[-74.7635687,39.0747622],[-74.7635813,39.0747716],[-74.7635954,39.0747802],[-74.7636111,39.0747882],[-74.7636283,39.0747954],[-74.7636471,39.0748019],[-74.7636676,39.0748077],[-74.7636898,39.0748128],[-74.7637115,39.074817],[-74.763735,39.0748206],[-74.7637602,39.0748237],[-74.7637878,39.0748265],[-74.7638389,39.0748303],[-74.7639325,39.0748353],[-74.7639672,39.0748375],[-74.7639821,39.0748383],[-74.7639975,39.0748387],[-74.7640132,39.0748385],[-74.7640294,39.0748379],[-74.7640461,39.0748368],[-74.7640633,39.0748351],[-74.7640997,39.0748303],[-74.7641317,39.0748249],[-74.7641674,39.0748178],[-74.7642018,39.0748103],[-74.7642853,39.0747913],[-74.7643285,39.0747822],[-74.7643707,39.0747746],[-74.7643901,39.0747718],[-74.7644086,39.0747695],[-74.7644284,39.0747676],[-74.7644474,39.0747664],[-74.7644658,39.0747659],[-74.7644836,39.074766],[-74.7645009,39.0747667],[-74.7645177,39.0747682],[-74.7645341,39.0747703],[-74.7645501,39.0747731],[-74.7645721,39.0747777],[-74.7645943,39.0747831],[-74.7646167,39.074789],[-74.7646392,39.0747955],[-74.7646616,39.0748026],[-74.7646838,39.0748103],[-74.7647057,39.0748184],[-74.7647271,39.0748269],[-74.7647459,39.0748352],[-74.7647648,39.0748447],[-74.7647841,39.0748555],[-74.7648042,39.0748679],[-74.7648216,39.0748794],[-74.7648407,39.0748927],[-74.7649053,39.0749398],[-74.7649308,39.0749578],[-74.7649572,39.0749753],[-74.7649819,39.0749901],[-74.765017,39.0750089],[-74.7650572,39.0750288],[-74.765096,39.0750469],[-74.7651859,39.0750875],[-74.7652276,39.0751072],[-74.7652626,39.0751249],[-74.7652938,39.0751419],[-74.7653469,39.0751728],[-74.7653961,39.0752027],[-74.7654422,39.075232],[-74.7654854,39.0752609],[-74.7655261,39.0752897],[-74.7655644,39.0753184],[-74.7656003,39.0753471],[-74.765634,39.0753759],[-74.7656737,39.0754116],[-74.7657051,39.0754415],[-74.7657323,39.0754694],[-74.7657558,39.075496],[-74.765789,39.0755351],[-74.765805,39.0755546],[-74.7658198,39.075574],[-74.7658321,39.0755917],[-74.765843,39.0756098],[-74.7658516,39.0756271],[-74.7658581,39.0756438],[-74.7658625,39.07566],[-74.7658639,39.0756699],[-74.7658641,39.0756812],[-74.7658634,39.0756921],[-74.7658607,39.0757182],[-74.7658602,39.0757311],[-74.7658611,39.075743],[-74.7658636,39.0757534],[-74.7658694,39.075769],[-74.7658759,39.0757836],[-74.7658832,39.0757969],[-74.7658911,39.0758087],[-74.7658995,39.0758191],[-74.7659085,39.0758279],[-74.765918,39.0758352],[-74.765928,39.0758409],[-74.7659377,39.0758447],[-74.7659497,39.0758478],[-74.7659618,39.0758499],[-74.7659914,39.0758541],[-74.7660055,39.0758569],[-74.7660273,39.0758625],[-74.7660493,39.0758689],[-74.7660715,39.075876],[-74.7660938,39.0758837],[-74.7661161,39.0758921],[-74.7661386,39.0759012],[-74.7661611,39.075911],[-74.7661837,39.0759214],[-74.7662063,39.0759324],[-74.7662288,39.075944],[-74.7662512,39.0759562],[-74.7662735,39.075969],[-74.7662956,39.0759823],[-74.7663173,39.0759961],[-74.7663387,39.0760103],[-74.7663597,39.0760249],[-74.7663816,39.0760416],[-74.7664023,39.0760597],[-74.7664218,39.0760792],[-74.7664401,39.0761002],[-74.7664573,39.0761227],[-74.7664735,39.0761468],[-74.7664888,39.0761726],[-74.7665032,39.0762003],[-74.7665144,39.0762244],[-74.7665252,39.0762501],[-74.7665358,39.0762777],[-74.7665463,39.0763077],[-74.7665645,39.0763652],[-74.7665953,39.0764714],[-74.7666078,39.0765128],[-74.7666214,39.0765544],[-74.7666346,39.0765913],[-74.7666508,39.0766309],[-74.7666591,39.0766494],[-74.7666677,39.0766671],[-74.7666766,39.0766841],[-74.7666857,39.0767004],[-74.7666952,39.0767161],[-74.7667051,39.0767312],[-74.766746,39.0767914],[-74.7667792,39.0768388],[-74.7668101,39.0768813],[-74.7668394,39.0769201],[-74.7668688,39.0769569],[-74.7668978,39.0769912],[-74.7669266,39.0770234],[-74.7669556,39.0770537],[-74.766969,39.0770666],[-74.7669837,39.0770797],[-74.7669998,39.0770932],[-74.7670177,39.0771072],[-74.7670525,39.0771328],[-74.7671401,39.0771945],[-74.7671636,39.077212],[-74.767184,39.0772282],[-74.767205,39.0772463],[-74.7672235,39.077264],[-74.7672396,39.0772815],[-74.7672537,39.077299],[-74.7672778,39.0773325],[-74.7672984,39.0773637],[-74.7673159,39.0773931],[-74.7673307,39.0774213],[-74.7673427,39.0774484],[-74.7673476,39.0774615],[-74.7673519,39.0774744],[-74.7673555,39.077487],[-74.7673585,39.0774994],[-74.7673607,39.0775116],[-74.7673623,39.0775235],[-74.7673636,39.0775465],[-74.7673629,39.0775707],[-74.76736,39.0775962],[-74.7673551,39.0776227],[-74.7673481,39.0776502],[-74.767339,39.0776788],[-74.767328,39.0777081],[-74.767315,39.077738],[-74.7673094,39.0777494],[-74.767303,39.0777608],[-74.7672959,39.0777723],[-74.767288,39.0777838],[-74.7672794,39.0777954],[-74.7672699,39.0778072],[-74.7672595,39.0778192],[-74.7672482,39.0778315],[-74.7672279,39.0778522],[-74.767204,39.0778747],[-74.7671802,39.077896],[-74.7671219,39.0779474],[-74.7670926,39.0779742],[-74.7670658,39.0780007],[-74.7670433,39.0780253],[-74.7669339,39.0781516],[-74.7668824,39.0782124],[-74.7668568,39.0782438],[-74.7668333,39.0782733],[-74.7668117,39.0783016],[-74.7667916,39.0783288],[-74.7667713,39.0783576],[-74.7667526,39.0783856],[-74.7667353,39.078413],[-74.7667194,39.0784399],[-74.7667049,39.0784664],[-74.7666916,39.0784926],[-74.7666796,39.0785184],[-74.7666689,39.078544],[-74.7666584,39.0785711],[-74.7666486,39.0785979],[-74.7666396,39.0786242],[-74.7666313,39.0786502],[-74.7666237,39.0786757],[-74.7666168,39.0787008],[-74.7666107,39.0787256],[-74.7666053,39.0787499],[-74.7666006,39.0787738],[-74.7665967,39.0787972],[-74.7665935,39.0788203],[-74.766591,39.0788429],[-74.7665892,39.0788651],[-74.7665882,39.0788868],[-74.766588,39.0789081],[-74.7665884,39.078929],[-74.7665902,39.0789573],[-74.7665935,39.0789861],[-74.7665983,39.0790154],[-74.7666044,39.0790453],[-74.766612,39.0790756],[-74.7666211,39.0791064],[-74.7666316,39.0791378],[-74.7666436,39.0791696],[-74.766657,39.079202],[-74.7666718,39.0792349],[-74.7666881,39.0792683],[-74.7667059,39.0793023],[-74.7667251,39.0793368],[-74.7667458,39.0793719],[-74.766768,39.0794076],[-74.7667917,39.079444],[-74.7668169,39.0794817],[-74.7668257,39.0794937],[-74.7668341,39.0795042],[-74.7668421,39.0795127],[-74.7668516,39.0795212],[-74.7668626,39.0795296],[-74.7668752,39.0795381],[-74.766887,39.0795452],[-74.7669006,39.0795529],[-74.7669624,39.0795857],[-74.7669774,39.0795946],[-74.7669901,39.079603],[-74.767002,39.0796122],[-74.7670119,39.0796213],[-74.76702,39.0796307],[-74.7670263,39.0796402],[-74.767032,39.0796522],[-74.7670365,39.0796653],[-74.7670398,39.0796797],[-74.7670421,39.0796956],[-74.7670431,39.0797104],[-74.7670435,39.0797271],[-74.7670423,39.0797811],[-74.7670423,39.0797994],[-74.7670424,39.0798249],[-74.7670419,39.0798506],[-74.7670407,39.0798765],[-74.7670387,39.0799026],[-74.767036,39.0799289],[-74.7670327,39.0799552],[-74.7670286,39.0799816],[-74.7670239,39.0800081],[-74.7670184,39.0800346],[-74.7670123,39.0800611],[-74.7670055,39.0800875],[-74.7669981,39.0801138],[-74.76699,39.08014],[-74.7669812,39.080166],[-74.7669718,39.0801918],[-74.7669618,39.0802174],[-74.7669516,39.0802401],[-74.7669392,39.0802634],[-74.7669243,39.0802876],[-74.7669067,39.0803131],[-74.7668902,39.0803351],[-74.7668709,39.0803594],[-74.7668048,39.0804385],[-74.7667812,39.0804675],[-74.7667594,39.0804962],[-74.7667411,39.0805223],[-74.7667243,39.0805495],[-74.7667171,39.0805626],[-74.7667107,39.0805755],[-74.766705,39.0805882],[-74.7667,39.0806008],[-74.7666957,39.0806132],[-74.7666921,39.0806255],[-74.7666881,39.0806442],[-74.7666858,39.0806641],[-74.7666849,39.0806853],[-74.7666856,39.0807084],[-74.7666873,39.0807288],[-74.7666901,39.0807516],[-74.7667017,39.0808265],[-74.7667054,39.0808533],[-74.7667079,39.0808789],[-74.7667089,39.0809018],[-74.7667083,39.0809243],[-74.766706,39.080945],[-74.7667019,39.0809644],[-74.7666961,39.0809826],[-74.7666885,39.0810007],[-74.7666796,39.0810189],[-74.7666693,39.0810373],[-74.7666577,39.081056],[-74.7666446,39.0810748],[-74.7666302,39.0810938],[-74.7666144,39.0811131],[-74.7665971,39.0811326],[-74.7665786,39.0811523],[-74.7665586,39.0811722],[-74.7665371,39.0811925],[-74.7665141,39.0812133],[-74.7664895,39.0812344],[-74.766463,39.0812562],[-74.7664345,39.0812789],[-74.7664032,39.081303],[-74.7663864,39.0813151],[-74.7663681,39.0813272],[-74.766348,39.0813393],[-74.7663257,39.0813517],[-74.7662836,39.0813733],[-74.7661839,39.0814215],[-74.7661595,39.0814341],[-74.766138,39.0814458],[-74.7661182,39.0814574],[-74.7661001,39.0814688],[-74.7660834,39.0814803],[-74.7660681,39.0814919],[-74.7660028,39.0815422],[-74.7659852,39.0815569],[-74.7659704,39.0815702],[-74.7659563,39.0815845],[-74.7659447,39.0815982],[-74.7659353,39.0816115],[-74.7659282,39.0816246],[-74.7659242,39.0816355],[-74.7659219,39.0816473],[-74.7659213,39.08166],[-74.7659225,39.0816739],[-74.7659252,39.0816883],[-74.7659295,39.0817045],[-74.765935,39.0817216],[-74.7659518,39.0817696],[-74.7659562,39.0817843],[-74.7659594,39.0817973],[-74.7659618,39.081812],[-74.7659626,39.0818255],[-74.7659617,39.081838],[-74.7659593,39.0818496],[-74.7659547,39.0818623],[-74.7659484,39.0818753],[-74.7659401,39.0818887],[-74.7659298,39.0819026],[-74.7659192,39.0819153],[-74.7659065,39.0819292],[-74.7658569,39.0819793],[-74.7658375,39.0820001],[-74.7658279,39.0820115],[-74.7658196,39.0820222],[-74.7658124,39.0820326],[-74.7658064,39.0820428],[-74.7657984,39.0820591],[-74.7657917,39.0820766],[-74.7657863,39.0820956],[-74.7657821,39.0821165],[-74.7657794,39.0821351],[-74.7657773,39.0821561],[-74.7657731,39.0822265],[-74.7657709,39.0822523],[-74.7657676,39.0822775],[-74.7657632,39.0822996],[-74.7657601,39.0823112],[-74.7657565,39.0823222],[-74.7657525,39.0823327],[-74.765748,39.0823426],[-74.765743,39.0823522],[-74.7657375,39.0823613],[-74.7657315,39.08237],[-74.7657249,39.0823784],[-74.7657096,39.0823964],[-74.7656982,39.0824088],[-74.7656873,39.0824193],[-74.7656766,39.0824281],[-74.7656686,39.0824335],[-74.7656596,39.0824383],[-74.7656495,39.0824427],[-74.7656382,39.0824467],[-74.7656267,39.0824501],[-74.7656135,39.0824534],[-74.7655615,39.0824641],[-74.76554,39.0824693],[-74.7655288,39.0824726],[-74.7655188,39.0824761],[-74.7655097,39.08248],[-74.7655014,39.0824841],[-74.765479,39.0824974],[-74.7654583,39.0825113],[-74.7654398,39.0825254],[-74.765424,39.0825396],[-74.7654188,39.082545],[-74.7654141,39.0825507],[-74.7654099,39.0825568],[-74.765406,39.0825632],[-74.7654026,39.0825701],[-74.7653996,39.0825773],[-74.7653946,39.082593],[-74.7653914,39.082609],[-74.7653893,39.0826273],[-74.7653881,39.0826464],[-74.7653863,39.082699],[-74.765385,39.0827147],[-74.7653832,39.0827285],[-74.76538,39.0827439],[-74.7653757,39.0827577],[-74.7653702,39.0827702],[-74.7653635,39.0827816],[-74.7653559,39.0827915],[-74.7653466,39.0828013],[-74.7653355,39.0828111],[-74.7653225,39.0828212],[-74.7653102,39.0828297],[-74.7652958,39.0828388],[-74.7652463,39.0828683],[-74.7652285,39.0828793],[-74.7652119,39.0828905],[-74.7651981,39.082901],[-74.7651852,39.0829126],[-74.7651749,39.0829241],[-74.7651669,39.0829358],[-74.7651638,39.0829417],[-74.7651612,39.0829477],[-74.7651564,39.0829628],[-74.7651529,39.0829802],[-74.7651505,39.0829998],[-74.7651481,39.0830301],[-74.7651474,39.0830463],[-74.7651479,39.0830626],[-74.7651495,39.0830793],[-74.7651523,39.0830962],[-74.7651562,39.0831135],[-74.7651613,39.0831312],[-74.7651676,39.0831494],[-74.7651751,39.0831682],[-74.7651821,39.083184],[-74.76519,39.0832005],[-74.765209,39.0832362],[-74.765229,39.0832707],[-74.7652806,39.0833562],[-74.7652943,39.0833803],[-74.7653061,39.0834021],[-74.765318,39.0834258],[-74.765328,39.0834482],[-74.7653364,39.0834696],[-74.7653433,39.0834903],[-74.7653519,39.0835208],[-74.7653597,39.0835536],[-74.7653406,39.0835914],[-74.7653196,39.0836287],[-74.7652966,39.0836653],[-74.7652719,39.0837011],[-74.7652453,39.0837361],[-74.7652169,39.0837703],[-74.7651868,39.0838036],[-74.765155,39.0838359],[-74.7651216,39.0838672],[-74.7650865,39.0838975],[-74.76505,39.0839266],[-74.765012,39.0839546],[-74.7649726,39.0839814],[-74.7643453,39.0843928],[-74.7643089,39.0844086],[-74.7642716,39.084423],[-74.7642333,39.0844359],[-74.7641943,39.0844473],[-74.7641546,39.0844571],[-74.7641143,39.0844653],[-74.7640735,39.0844719],[-74.7640323,39.0844769],[-74.7639908,39.0844803],[-74.7639492,39.084482],[-74.7639075,39.0844821],[-74.7638659,39.0844805],[-74.7638244,39.0844773],[-74.7637832,39.0844724],[-74.7637654,39.0844706],[-74.7637467,39.0844703],[-74.7637269,39.0844714],[-74.7637056,39.084474],[-74.7636854,39.0844774],[-74.763663,39.0844822],[-74.7635786,39.0845031],[-74.7635434,39.0845108],[-74.7635244,39.084514],[-74.7635068,39.0845164],[-74.7634901,39.0845178],[-74.7634741,39.0845183],[-74.7634556,39.0845188],[-74.7634018,39.0845213],[-74.7633855,39.0845214],[-74.7633712,39.0845209],[-74.7633558,39.0845194],[-74.7633421,39.0845168],[-74.7633299,39.0845131],[-74.763319,39.0845083],[-74.7633049,39.0845002],[-74.7632929,39.0844919],[-74.7632835,39.0844836],[-74.7632768,39.0844756],[-74.7632744,39.0844714],[-74.7632727,39.0844667],[-74.7632716,39.0844616],[-74.7632713,39.0844559],[-74.7632719,39.0844449],[-74.7632759,39.0844176],[-74.7632762,39.0844105],[-74.7632758,39.0844042],[-74.7632723,39.084381],[-74.7632672,39.0843582],[-74.7632609,39.084336],[-74.7632532,39.0843146],[-74.7632442,39.0842942],[-74.7632341,39.0842749],[-74.7632228,39.0842567],[-74.7632104,39.0842398],[-74.7632016,39.0842294],[-74.7631918,39.0842189],[-74.7631809,39.0842082],[-74.763169,39.0841974],[-74.7631561,39.0841864],[-74.7631421,39.0841753],[-74.763127,39.0841641],[-74.7631107,39.0841526],[-74.7630924,39.084141],[-74.7630728,39.0841303],[-74.7630518,39.0841205],[-74.7630294,39.0841117],[-74.7630055,39.0841038],[-74.76298,39.0840968],[-74.7629529,39.0840905],[-74.7629239,39.0840851],[-74.7629005,39.0840815],[-74.7628757,39.0840783],[-74.7628493,39.0840754],[-74.7628208,39.0840729],[-74.7627627,39.084069],[-74.7626484,39.0840633],[-74.7626017,39.0840605],[-74.7625538,39.0840567],[-74.7625118,39.084052],[-74.7624033,39.0840381],[-74.7623672,39.0840342],[-74.7623347,39.0840312],[-74.7622856,39.0840276],[-74.7622376,39.0840248],[-74.7621905,39.0840227],[-74.7621445,39.0840215],[-74.7620993,39.0840211],[-74.7620552,39.0840214],[-74.762012,39.0840226],[-74.7619698,39.0840245],[-74.7619285,39.0840272],[-74.7618881,39.0840307],[-74.7618487,39.084035],[-74.7618103,39.0840401],[-74.7617729,39.084046],[-74.7617364,39.0840527],[-74.7617009,39.0840601],[-74.7616663,39.0840684],[-74.7616481,39.0840734],[-74.7616292,39.0840793],[-74.7616097,39.0840862],[-74.7615889,39.0840941],[-74.7615512,39.08411],[-74.7614628,39.0841494],[-74.7614396,39.0841591],[-74.7614184,39.0841673],[-74.7613969,39.084175],[-74.7613763,39.0841815],[-74.7613564,39.0841869],[-74.761337,39.0841913],[-74.7612721,39.0842043],[-74.7612494,39.0842082],[-74.7612288,39.0842112],[-74.7612085,39.0842134],[-74.7611894,39.0842146],[-74.7611712,39.084215],[-74.7611539,39.0842144],[-74.7611359,39.0842128],[-74.7611158,39.08421],[-74.761095,39.0842064],[-74.7610552,39.0841986],[-74.7610325,39.0841938],[-74.7610098,39.0841881],[-74.7609871,39.0841815],[-74.7609644,39.084174],[-74.7609415,39.0841656],[-74.7609184,39.0841562],[-74.7608951,39.0841458],[-74.7608713,39.0841343],[-74.7608479,39.0841222],[-74.7608239,39.0841089],[-74.7607989,39.0840944],[-74.7607727,39.0840785],[-74.7607202,39.0840447],[-74.7606178,39.0839759],[-74.7605747,39.0839477],[-74.7605291,39.0839193],[-74.7604873,39.0838953],[-74.7604623,39.083882],[-74.7604379,39.0838698],[-74.760414,39.0838588],[-74.7603904,39.0838489],[-74.7603669,39.0838399],[-74.7603437,39.083832],[-74.7603205,39.083825],[-74.7602973,39.0838189],[-74.760266,39.0838121],[-74.7602303,39.0838059],[-74.7601961,39.0838009],[-74.7601163,39.0837901],[-74.7600783,39.0837843],[-74.7600451,39.0837781],[-74.7600154,39.0837712],[-74.7599599,39.0837578],[-74.7599341,39.0837508],[-74.7599212,39.0837468],[-74.7599094,39.0837426],[-74.7598986,39.0837382],[-74.7598886,39.0837336],[-74.759879,39.0837284],[-74.7598692,39.083722],[-74.759858,39.0837137],[-74.7598351,39.0836951],[-74.7598249,39.0836873],[-74.7598137,39.0836797],[-74.759803,39.0836737],[-74.7597852,39.0836658],[-74.7597656,39.0836588],[-74.7597441,39.0836527],[-74.7597204,39.0836475],[-74.7596958,39.0836432],[-74.7596681,39.0836395],[-74.7596385,39.0836363],[-74.7595845,39.0836312],[-74.7595393,39.0836272],[-74.7595223,39.0836264],[-74.759507,39.0836262],[-74.7594879,39.0836269],[-74.759468,39.0836288],[-74.7594472,39.083632],[-74.7594251,39.0836365],[-74.7594064,39.0836411],[-74.7593857,39.0836466],[-74.7593115,39.0836687],[-74.7592816,39.083677],[-74.7592422,39.083688],[-74.7592016,39.0837008],[-74.7591595,39.0837157],[-74.759115,39.0837328],[-74.7590766,39.0837485],[-74.7590343,39.0837667],[-74.7588967,39.0838283],[-74.7588466,39.0838502],[-74.7587977,39.0838707],[-74.758753,39.0838881],[-74.7587076,39.0839043],[-74.7586642,39.0839182],[-74.7586221,39.0839299],[-74.7586014,39.083935],[-74.7585809,39.0839396],[-74.7585551,39.0839446],[-74.7584926,39.0839556],[-74.7584611,39.0839623],[-74.7584236,39.0839716],[-74.7583888,39.0839809],[-74.7583562,39.0839902],[-74.7583255,39.0839998],[-74.7582964,39.0840096],[-74.7582688,39.0840196],[-74.7582427,39.08403],[-74.758218,39.0840407],[-74.7581946,39.0840519],[-74.7581726,39.0840634],[-74.7581519,39.0840753],[-74.7581326,39.0840875],[-74.7581146,39.0841002],[-74.7580979,39.0841132],[-74.7580826,39.0841267],[-74.7580686,39.0841406],[-74.7580503,39.0841602],[-74.7580378,39.0841749],[-74.7580278,39.0841886],[-74.7580202,39.0842013],[-74.758012,39.0842187],[-74.7580055,39.0842364],[-74.7580009,39.0842538],[-74.7579982,39.0842706],[-74.7579975,39.0842865],[-74.7579988,39.0843014],[-74.758002,39.0843151],[-74.7580044,39.0843216],[-74.7580072,39.0843277],[-74.7580142,39.0843404],[-74.7580212,39.0843507],[-74.7580286,39.0843592],[-74.7580363,39.0843659],[-74.7580421,39.0843696],[-74.7580494,39.0843728],[-74.7580575,39.0843756],[-74.7580806,39.0843825],[-74.7580872,39.084385],[-74.7580926,39.0843876],[-74.7580999,39.0843919],[-74.7581069,39.084397],[-74.7581138,39.0844028],[-74.7581206,39.0844095],[-74.7581322,39.0844227],[-74.7581577,39.084455],[-74.7581646,39.0844627],[-74.7581712,39.0844695],[-74.7581848,39.0844816],[-74.7582,39.0844938],[-74.758217,39.0845061],[-74.7582362,39.0845188],[-74.7582539,39.0845298],[-74.7582742,39.0845417],[-74.7583442,39.084581],[-74.7583702,39.084596],[-74.7583954,39.0846115],[-74.7584168,39.084626],[-74.7584281,39.0846344],[-74.7584385,39.0846427],[-74.758448,39.084651],[-74.7584566,39.0846592],[-74.7584644,39.0846675],[-74.7584715,39.0846758],[-74.7584778,39.0846842],[-74.7584833,39.0846927],[-74.758488,39.0847013],[-74.7584919,39.0847104],[-74.7584952,39.0847199],[-74.7584977,39.0847299],[-74.7584994,39.0847404],[-74.7585005,39.0847515],[-74.7585009,39.0847632],[-74.7585006,39.0847756],[-74.7584987,39.0847969],[-74.7584949,39.0848212],[-74.7584902,39.0848448],[-74.7584778,39.0849018],[-74.7584725,39.0849305],[-74.7584693,39.0849572],[-74.7584685,39.0849693],[-74.7584683,39.0849809],[-74.7584687,39.0849916],[-74.7584697,39.0850018],[-74.7584712,39.0850116],[-74.7584733,39.085021],[-74.7584759,39.0850301],[-74.7584791,39.0850388],[-74.7584829,39.0850471],[-74.7584872,39.0850552],[-74.7584942,39.0850652],[-74.758504,39.085076],[-74.7585151,39.0850866],[-74.7585452,39.0851135],[-74.7585531,39.0851213],[-74.7585594,39.0851284],[-74.7585654,39.0851366],[-74.7585696,39.0851443],[-74.7585721,39.0851517],[-74.7585728,39.085159],[-74.7585719,39.0851681],[-74.7585693,39.0851779],[-74.7585652,39.0851882],[-74.7585595,39.085199],[-74.7585523,39.0852102],[-74.7585439,39.0852212],[-74.7585345,39.0852319],[-74.7585245,39.0852417],[-74.7585138,39.0852503],[-74.7585007,39.085259],[-74.7584853,39.0852679],[-74.7584611,39.0852805],[-74.758448,39.0852865],[-74.7584333,39.0852917],[-74.7584168,39.0852962],[-74.7583982,39.0853],[-74.7583811,39.0853027],[-74.7583615,39.0853052],[-74.7582967,39.0853115],[-74.7582741,39.085314],[-74.7582529,39.0853172],[-74.7582349,39.0853209],[-74.7582256,39.0853233],[-74.7582171,39.085326],[-74.7582093,39.085329],[-74.7582023,39.0853323],[-74.7581958,39.0853358],[-74.75819,39.0853396],[-74.7581848,39.0853438],[-74.7581802,39.0853482],[-74.7581744,39.0853552],[-74.758169,39.085363],[-74.7581639,39.0853716],[-74.7581593,39.085381],[-74.7581551,39.0853911],[-74.7581514,39.0854019],[-74.7581483,39.0854132],[-74.7581457,39.085425],[-74.7581436,39.0854372],[-74.7581422,39.0854497],[-74.7581413,39.0854621],[-74.7581412,39.0854744],[-74.7581417,39.0854864],[-74.7581428,39.0854979],[-74.7581446,39.0855087],[-74.758147,39.0855187],[-74.7581498,39.0855267],[-74.7581537,39.0855346],[-74.7581587,39.0855422],[-74.7581648,39.0855497],[-74.7581721,39.085557],[-74.7581805,39.0855641],[-74.7581902,39.0855712],[-74.7582011,39.0855783],[-74.7582223,39.0855901],[-74.7582482,39.0856025],[-74.7582757,39.0856143],[-74.7583522,39.0856456],[-74.7583744,39.0856554],[-74.7583936,39.0856647],[-74.7584138,39.0856756],[-74.7584313,39.0856865],[-74.7584463,39.0856976],[-74.758459,39.085709],[-74.7584912,39.0857414],[-74.7585138,39.0857654],[-74.7585329,39.0857875],[-74.7585485,39.0858078],[-74.7585614,39.0858273],[-74.7585666,39.0858365],[-74.758571,39.0858455],[-74.7585746,39.0858542],[-74.7585774,39.0858625],[-74.7585795,39.0858706],[-74.7585807,39.0858785],[-74.7585811,39.0858866],[-74.7585803,39.0858948],[-74.7585784,39.0859031],[-74.7585753,39.0859115],[-74.7585711,39.0859201],[-74.7585658,39.0859288],[-74.7585593,39.0859378],[-74.7585515,39.085947],[-74.7585358,39.0859632],[-74.7585158,39.085981],[-74.7584943,39.0859986],[-74.7584348,39.0860454],[-74.7584179,39.0860595],[-74.7584036,39.0860723],[-74.758389,39.0860869],[-74.7583768,39.0861007],[-74.7583669,39.086114],[-74.7583591,39.086127],[-74.7583544,39.0861367],[-74.7583503,39.0861468],[-74.7583466,39.0861571],[-74.7583433,39.0861678],[-74.7583383,39.0861904],[-74.7583351,39.0862148],[-74.7583336,39.0862412],[-74.7583338,39.0862707],[-74.7583355,39.0863022],[-74.7583404,39.0863657],[-74.7583421,39.0863924],[-74.758343,39.0864202],[-74.7583426,39.0864449],[-74.7583417,39.0864592],[-74.7583403,39.0864729],[-74.7583384,39.086486],[-74.758336,39.0864986],[-74.758333,39.0865108],[-74.7583296,39.0865225],[-74.7583255,39.0865338],[-74.7583209,39.0865447],[-74.7583117,39.0865643],[-74.7583022,39.0865832],[-74.7582923,39.0866014],[-74.7582822,39.086619],[-74.7582717,39.0866359],[-74.7582608,39.0866522],[-74.7582497,39.0866677],[-74.7582383,39.0866826],[-74.7582286,39.0866936],[-74.7582165,39.0867055],[-74.758204,39.0867167],[-74.7581722,39.0867437],[-74.7581567,39.0867581],[-74.7581494,39.0867658],[-74.7581432,39.0867732],[-74.758138,39.0867804],[-74.7581336,39.0867875],[-74.7581308,39.0867933],[-74.7581286,39.0867992],[-74.7581269,39.0868055],[-74.7581257,39.086812],[-74.7581248,39.0868259],[-74.7581261,39.0868413],[-74.7581285,39.086855],[-74.7581325,39.0868705],[-74.7581486,39.0869214],[-74.7581537,39.0869393],[-74.7581573,39.086956],[-74.7581592,39.0869708],[-74.7581593,39.0869841],[-74.7581578,39.0869963],[-74.7581546,39.0870076],[-74.7581498,39.0870181],[-74.7581394,39.0870349],[-74.7581276,39.087051],[-74.7581148,39.0870658],[-74.7581014,39.0870789],[-74.7580936,39.0870854],[-74.7580848,39.0870918],[-74.7580749,39.0870981],[-74.7580638,39.0871045],[-74.7580416,39.0871158],[-74.7579897,39.08714],[-74.7579645,39.0871514],[-74.7579351,39.0871627],[-74.7579063,39.0871727],[-74.7578366,39.0871954],[-74.7578022,39.0872077],[-74.7577858,39.0872144],[-74.7577707,39.0872211],[-74.7577569,39.0872279],[-74.7577441,39.0872349],[-74.7577215,39.0872488],[-74.7576993,39.0872637],[-74.7576775,39.0872798],[-74.7576561,39.0872969],[-74.7576353,39.0873151],[-74.7576151,39.0873342],[-74.7575956,39.0873541],[-74.7575769,39.0873747],[-74.7575591,39.0873961],[-74.7575422,39.087418],[-74.7575264,39.0874403],[-74.7575118,39.087463],[-74.7574984,39.0874859],[-74.7574863,39.0875089],[-74.7574755,39.0875318],[-74.7574661,39.0875546],[-74.7574609,39.08757],[-74.7574567,39.0875864],[-74.7574535,39.087604],[-74.7574511,39.0876229],[-74.7574498,39.0876408],[-74.757449,39.0876607],[-74.7574486,39.0877346],[-74.7574477,39.0877649],[-74.7574465,39.0877811],[-74.7574449,39.0877961],[-74.7574427,39.0878102],[-74.75744,39.0878236],[-74.7574262,39.0878901],[-74.757422,39.0879073],[-74.7574177,39.0879224],[-74.7574124,39.0879383],[-74.7574065,39.0879528],[-74.7574,39.087966],[-74.7573927,39.0879782],[-74.757385,39.0879887],[-74.7573757,39.0879989],[-74.7573646,39.088009],[-74.7573516,39.0880192],[-74.7573374,39.088029],[-74.7573207,39.0880394],[-74.7573026,39.0880498],[-74.7572511,39.0880786],[-74.7572358,39.0880877],[-74.7572226,39.0880962],[-74.7572083,39.0881063],[-74.7571959,39.0881163],[-74.7571853,39.0881263],[-74.7571763,39.0881365],[-74.7571593,39.0881587],[-74.7571441,39.0881813],[-74.7571306,39.088204],[-74.7571191,39.0882265],[-74.7571096,39.0882486],[-74.7571022,39.0882704],[-74.7570969,39.0882916],[-74.7570937,39.0883122],[-74.7570933,39.088319],[-74.7570934,39.0883267],[-74.7570958,39.0883526],[-74.7570963,39.0883619],[-74.757096,39.0883708],[-74.7570947,39.0883786],[-74.7570928,39.0883845],[-74.7570903,39.0883902],[-74.757087,39.0883959],[-74.757083,39.0884014],[-74.7570783,39.0884068],[-74.7570728,39.0884122],[-74.7570665,39.0884176],[-74.7570594,39.088423],[-74.7570461,39.0884317],[-74.7570298,39.088441],[-74.7570132,39.0884497],[-74.7569702,39.0884712],[-74.7569481,39.0884833],[-74.7569375,39.0884898],[-74.7569281,39.0884962],[-74.7569198,39.0885025],[-74.7569125,39.0885089],[-74.7568879,39.0885326],[-74.7568662,39.0885547],[-74.7568469,39.0885759],[-74.7568298,39.0885964],[-74.7568145,39.0886164],[-74.7568013,39.088636],[-74.75679,39.0886552],[-74.7567805,39.088674],[-74.7567718,39.0886946],[-74.7567643,39.0887155],[-74.7567581,39.0887366],[-74.7567532,39.0887576],[-74.7567496,39.0887783],[-74.7567475,39.0887986],[-74.7567467,39.0888184],[-74.7567473,39.0888376],[-74.7567489,39.0888546],[-74.7567515,39.0888715],[-74.7567548,39.0888882],[-74.756759,39.0889045],[-74.756764,39.0889203],[-74.7567698,39.0889355],[-74.7567763,39.0889501],[-74.7567835,39.088964],[-74.756792,39.0889786],[-74.7568005,39.088992],[-74.7568091,39.0890042],[-74.7568178,39.0890156],[-74.7568267,39.089026],[-74.7568359,39.0890355],[-74.7568453,39.0890442],[-74.756855,39.0890519],[-74.7568624,39.0890572],[-74.7568707,39.0890623],[-74.7568899,39.0890726],[-74.7569107,39.089082],[-74.7569546,39.0891002],[-74.7569715,39.089107],[-74.7569895,39.0891129],[-74.7570084,39.0891181],[-74.7570284,39.0891226],[-74.7570494,39.0891263],[-74.7570717,39.0891294],[-74.7570952,39.0891317],[-74.7571202,39.0891334],[-74.7571418,39.0891343],[-74.7571647,39.0891348],[-74.7572154,39.0891344],[-74.757265,39.0891327],[-74.7573845,39.0891274],[-74.7574162,39.0891264],[-74.7574443,39.089126],[-74.757474,39.0891262],[-74.7575013,39.0891272],[-74.7575264,39.0891289],[-74.7575498,39.0891314],[-74.7575752,39.0891353],[-74.7575985,39.0891404],[-74.75762,39.0891466],[-74.7576397,39.089154],[-74.757649,39.0891582],[-74.7576578,39.0891626],[-74.7576663,39.0891674],[-74.7576743,39.0891725],[-74.757682,39.0891779],[-74.7576892,39.0891836],[-74.7576961,39.0891897],[-74.7577025,39.089196],[-74.7577311,39.0892253],[-74.7577467,39.0892422],[-74.7577604,39.0892586],[-74.7577711,39.0892736],[-74.7577797,39.0892884],[-74.7577828,39.0892954],[-74.7577853,39.0893022],[-74.7577871,39.0893088],[-74.7577881,39.0893151],[-74.7577885,39.0893213],[-74.7577881,39.0893273],[-74.7577866,39.0893356],[-74.7577837,39.0893444],[-74.7577797,39.0893537],[-74.7577744,39.0893636],[-74.7577678,39.089374],[-74.75776,39.089385],[-74.7577508,39.0893968],[-74.7577398,39.08941],[-74.7577306,39.0894197],[-74.7577203,39.089429],[-74.7577088,39.0894379],[-74.7576962,39.0894463],[-74.7576823,39.0894544],[-74.7576671,39.0894621],[-74.7576507,39.0894694],[-74.7576329,39.0894764],[-74.7576155,39.0894825],[-74.7575967,39.0894885],[-74.7575764,39.0894943],[-74.7575542,39.0895001],[-74.7575127,39.0895099],[-74.7574097,39.0895324],[-74.7573966,39.089535],[-74.7573818,39.0895374],[-74.7573263,39.0895438],[-74.7573039,39.0895471],[-74.7572921,39.0895495],[-74.7572814,39.0895522],[-74.7572716,39.0895553],[-74.7572626,39.0895589],[-74.7572452,39.0895671],[-74.7572284,39.0895764],[-74.7572129,39.0895865],[-74.7571993,39.0895968],[-74.7571914,39.0896039],[-74.757184,39.0896115],[-74.7571772,39.0896198],[-74.7571708,39.0896287],[-74.757165,39.0896382],[-74.7571596,39.0896482],[-74.7571549,39.0896588],[-74.7571506,39.0896699],[-74.7571469,39.0896816],[-74.7571438,39.0896938],[-74.7571413,39.0897065],[-74.7571394,39.0897195],[-74.757138,39.0897328],[-74.7571373,39.0897464],[-74.7571373,39.0897601],[-74.7571378,39.0897738],[-74.7571404,39.0897964],[-74.7571424,39.0898073],[-74.7571449,39.0898179],[-74.7571479,39.0898274],[-74.7571517,39.0898369],[-74.7571565,39.0898463],[-74.7571621,39.0898558],[-74.7571685,39.0898652],[-74.757176,39.0898748],[-74.7571843,39.0898844],[-74.7571937,39.0898942],[-74.7572109,39.0899103],[-74.7572315,39.0899277],[-74.757253,39.0899445],[-74.7573086,39.0899867],[-74.757324,39.089999],[-74.7573372,39.0900102],[-74.7573591,39.0900286],[-74.7573827,39.0900473],[-74.7574082,39.0900663],[-74.7574361,39.090086],[-74.7574633,39.0901044],[-74.757494,39.0901245],[-74.7576103,39.090198],[-74.7576582,39.0902292],[-74.7576836,39.0902464],[-74.7577069,39.0902628],[-74.7577286,39.0902787],[-74.7577488,39.0902942],[-74.7577802,39.0903197],[-74.7578136,39.0903484],[-74.7578517,39.0903826],[-74.757932,39.0904565],[-74.7579674,39.0904885],[-74.7580055,39.0905216],[-74.7580408,39.0905506],[-74.7580631,39.090567],[-74.7580897,39.0905845],[-74.7581196,39.0906025],[-74.7581808,39.0906374],[-74.7582059,39.0906522],[-74.7582311,39.090668],[-74.7582523,39.0906826],[-74.7582641,39.0906914],[-74.7582747,39.0907001],[-74.7582842,39.0907088],[-74.7582928,39.0907174],[-74.7583003,39.090726],[-74.758307,39.0907346],[-74.7583127,39.0907433],[-74.7583175,39.090752],[-74.7583205,39.090759],[-74.7583228,39.0907664],[-74.7583242,39.0907742],[-74.7583249,39.0907824],[-74.7583248,39.0907911],[-74.7583239,39.0908002],[-74.7583223,39.0908098],[-74.7583199,39.0908201],[-74.7583143,39.090838],[-74.7583064,39.0908584],[-74.7582977,39.0908783],[-74.7582753,39.0909271],[-74.7582649,39.0909522],[-74.7582604,39.0909646],[-74.7582569,39.090976],[-74.7582542,39.0909868],[-74.7582523,39.0909968],[-74.7582512,39.0910073],[-74.7582511,39.0910171],[-74.758252,39.0910264],[-74.7582539,39.0910352],[-74.7582567,39.0910434],[-74.7582606,39.0910512],[-74.7582654,39.0910585],[-74.7582713,39.0910654],[-74.7582846,39.091078],[-74.7583002,39.0910908],[-74.7583176,39.0911031],[-74.7583357,39.0911144],[-74.7583435,39.0911186],[-74.7583517,39.0911224],[-74.7583603,39.0911257],[-74.7583695,39.0911287],[-74.7583791,39.0911313],[-74.7583893,39.0911336],[-74.7584,39.0911354],[-74.7584114,39.0911369],[-74.7584326,39.0911388],[-74.7584569,39.0911397],[-74.7584815,39.0911398],[-74.7585479,39.0911392],[-74.7585674,39.0911395],[-74.7585848,39.0911402],[-74.758604,39.0911417],[-74.7586216,39.091144],[-74.7586378,39.091147],[-74.7586528,39.0911509],[-74.7586737,39.0911573],[-74.7586943,39.0911641],[-74.7587144,39.0911713],[-74.7587338,39.0911788],[-74.7587523,39.0911864],[-74.7587698,39.0911943],[-74.7587863,39.0912023],[-74.7588017,39.0912103],[-74.7588109,39.0912157],[-74.7588196,39.0912213],[-74.7588279,39.0912273],[-74.7588358,39.0912336],[-74.7588433,39.0912403],[-74.7588503,39.0912473],[-74.758857,39.0912547],[-74.7588632,39.0912624],[-74.758869,39.0912705],[-74.7588744,39.0912789],[-74.7588794,39.0912877],[-74.7588841,39.0912969],[-74.7588922,39.0913165],[-74.7588989,39.0913378],[-74.7589035,39.0913576],[-74.758907,39.0913789],[-74.7589096,39.0914019],[-74.7589113,39.0914271],[-74.7589121,39.0914509],[-74.7589122,39.0914778],[-74.7589102,39.0915783],[-74.7589102,39.0916198],[-74.7589108,39.0916417],[-74.7589119,39.0916621],[-74.7589135,39.0916811],[-74.7589157,39.0916991],[-74.7589192,39.0917198],[-74.7589235,39.0917393],[-74.7589287,39.0917577],[-74.7589348,39.0917751],[-74.7589419,39.0917915],[-74.75895,39.091807],[-74.758959,39.0918217],[-74.758969,39.0918354],[-74.758986,39.0918563],[-74.7590039,39.091877],[-74.7590227,39.0918975],[-74.7590422,39.0919177],[-74.7590624,39.0919376],[-74.7590831,39.0919569],[-74.7591044,39.0919756],[-74.7591261,39.0919938],[-74.7591597,39.0920208],[-74.7591869,39.0920418],[-74.759212,39.0920601],[-74.7592357,39.0920763],[-74.759259,39.0920909],[-74.7592816,39.0921037],[-74.7593036,39.0921148],[-74.7593253,39.0921243],[-74.7593499,39.0921334],[-74.7593759,39.0921416],[-74.7594032,39.0921487],[-74.7594318,39.0921549],[-74.7594616,39.09216],[-74.7594923,39.092164],[-74.759524,39.0921669],[-74.7595563,39.0921687],[-74.7595893,39.0921694],[-74.7596227,39.092169],[-74.7596562,39.0921674],[-74.7596896,39.0921647],[-74.7597227,39.0921609],[-74.7597552,39.092156],[-74.7597869,39.0921501],[-74.7598177,39.0921432],[-74.7598557,39.0921341],[-74.759876,39.0921285],[-74.7598942,39.0921221],[-74.7599021,39.0921187],[-74.7599093,39.0921151],[-74.7599188,39.0921094],[-74.7599283,39.0921026],[-74.7599376,39.0920948],[-74.7599469,39.092086],[-74.7599561,39.0920761],[-74.7599654,39.0920651],[-74.759975,39.0920527],[-74.7599858,39.0920377],[-74.7599929,39.0920263],[-74.7599986,39.0920143],[-74.7600028,39.0920018],[-74.7600055,39.0919887],[-74.7600068,39.0919751],[-74.7600067,39.0919607],[-74.7600052,39.0919457],[-74.7600022,39.0919298],[-74.7599987,39.0919163],[-74.7599943,39.0919022],[-74.7599889,39.0918871],[-74.7599823,39.0918709],[-74.7599687,39.0918403],[-74.7599321,39.0917636],[-74.7599227,39.0917422],[-74.7599151,39.0917229],[-74.759908,39.0917025],[-74.7599028,39.0916834],[-74.7598992,39.0916654],[-74.7598972,39.0916483],[-74.7598956,39.0916305],[-74.7598901,39.0915844],[-74.7598886,39.0915595],[-74.7598888,39.091546],[-74.75989,39.0915335],[-74.7598922,39.0915219],[-74.7598953,39.091511],[-74.7598993,39.0915016],[-74.7599049,39.0914915],[-74.7599128,39.09148],[-74.7599313,39.0914557],[-74.7599389,39.091445],[-74.7599458,39.0914335],[-74.7599506,39.0914228],[-74.7599533,39.0914134],[-74.759955,39.0914025],[-74.7599557,39.0913919],[-74.7599566,39.0913668],[-74.7599578,39.0913548],[-74.7599601,39.0913441],[-74.7599637,39.0913349],[-74.7599673,39.0913283],[-74.7599717,39.0913218],[-74.7599768,39.0913154],[-74.7599826,39.0913091],[-74.7599892,39.0913028],[-74.7599965,39.0912966],[-74.7600047,39.0912904],[-74.7600137,39.0912842],[-74.7600324,39.0912728],[-74.7600547,39.0912608],[-74.7600767,39.09125],[-74.7601319,39.0912239],[-74.7601745,39.0912029],[-74.7601983,39.0911916],[-74.7602212,39.0911817],[-74.7602422,39.0911736],[-74.7602632,39.0911669],[-74.7602833,39.0911618],[-74.7603025,39.0911585],[-74.7603211,39.0911568],[-74.760342,39.0911567],[-74.7603653,39.0911583],[-74.7603915,39.0911615],[-74.7604268,39.0911671],[-74.7604684,39.0911745],[-74.7605034,39.0911818],[-74.7605344,39.0911895],[-74.7605618,39.0911976],[-74.7605861,39.0912065],[-74.760597,39.0912112],[-74.760607,39.0912161],[-74.7606163,39.0912211],[-74.7606247,39.0912263],[-74.7606323,39.0912316],[-74.7606392,39.0912372],[-74.7606451,39.0912429],[-74.7606504,39.0912491],[-74.760655,39.0912559],[-74.7606591,39.0912632],[-74.7606627,39.0912712],[-74.7606656,39.0912797],[-74.760668,39.0912889],[-74.7606699,39.0912988],[-74.7606719,39.0913163],[-74.7606726,39.0913366],[-74.7606724,39.0913565],[-74.7606709,39.0914056],[-74.760671,39.0914304],[-74.7606729,39.0914533],[-74.7606744,39.0914636],[-74.7606765,39.0914731],[-74.760683,39.0914981],[-74.7606903,39.0915237],[-74.7606985,39.0915503],[-74.7607077,39.091578],[-74.7607291,39.0916373],[-74.760757,39.0917088],[-74.7607635,39.0917242],[-74.7607711,39.0917402],[-74.7607799,39.091757],[-74.7607899,39.0917748],[-74.760811,39.0918095],[-74.7608533,39.091875],[-74.76087,39.0919016],[-74.7608861,39.0919291],[-74.7608992,39.0919539],[-74.7609061,39.0919684],[-74.760912,39.0919824],[-74.7609171,39.091996],[-74.7609213,39.0920092],[-74.7609247,39.0920221],[-74.7609273,39.0920347],[-74.7609291,39.092047],[-74.76093,39.0920592],[-74.7609303,39.0920782],[-74.7609293,39.0920979],[-74.760927,39.092118],[-74.7609235,39.0921388],[-74.7609187,39.0921601],[-74.7609127,39.0921819],[-74.7609054,39.0922042],[-74.7608969,39.092227],[-74.7608871,39.0922503],[-74.7608762,39.092274],[-74.760864,39.0922982],[-74.7608506,39.0923227],[-74.7608361,39.0923474],[-74.7608205,39.0923724],[-74.7608038,39.0923975],[-74.7607861,39.0924227],[-74.7607724,39.0924407],[-74.7607573,39.0924586],[-74.7607409,39.0924765],[-74.760723,39.0924943],[-74.7607037,39.0925121],[-74.7606829,39.09253],[-74.7606604,39.0925481],[-74.7606361,39.0925665],[-74.7605944,39.092596],[-74.7605461,39.0926278],[-74.7604962,39.0926591],[-74.7603625,39.092741],[-74.7603237,39.0927657],[-74.7602898,39.0927883],[-74.7601158,39.0929068],[-74.7600573,39.0929456],[-74.760004,39.09298],[-74.7599502,39.0930135],[-74.7598988,39.0930443],[-74.759849,39.0930727],[-74.7598005,39.093099],[-74.7597486,39.0931258],[-74.7596966,39.0931519],[-74.7596444,39.0931771],[-74.7595921,39.0932015],[-74.7595397,39.093225],[-74.7594872,39.0932476],[-74.7594347,39.0932693],[-74.7593823,39.0932901],[-74.7593299,39.09331],[-74.7592776,39.093329],[-74.7592254,39.093347],[-74.7591734,39.0933641],[-74.7591214,39.0933802],[-74.7590697,39.0933954],[-74.7590181,39.0934096],[-74.7589667,39.0934228],[-74.7588926,39.093441],[-74.758833,39.0934549],[-74.7587787,39.0934667],[-74.7587283,39.0934768],[-74.7586796,39.0934854],[-74.758633,39.0934925],[-74.7585882,39.0934981],[-74.7585449,39.0935024],[-74.7584985,39.0935056],[-74.7584493,39.0935077],[-74.7583971,39.0935089],[-74.7583406,39.0935092],[-74.7582169,39.0935095],[-74.7581616,39.093509],[-74.7581328,39.0935082],[-74.7581059,39.0935071],[-74.7580806,39.0935056],[-74.7580565,39.0935037],[-74.7580314,39.0935011],[-74.7580075,39.093498],[-74.7579845,39.0934944],[-74.7579625,39.0934903],[-74.7579413,39.0934856],[-74.7579209,39.0934804],[-74.7579013,39.0934745],[-74.7578825,39.0934681],[-74.7578692,39.0934627],[-74.7578547,39.0934559],[-74.7578076,39.0934302],[-74.7577898,39.0934213],[-74.7577716,39.0934137],[-74.757763,39.0934108],[-74.7577547,39.0934085],[-74.7577439,39.0934065],[-74.7577322,39.0934055],[-74.7577194,39.0934054],[-74.7577052,39.0934063],[-74.7576924,39.0934078],[-74.7576779,39.0934099],[-74.7576301,39.0934187],[-74.7576132,39.0934216],[-74.757597,39.0934236],[-74.757583,39.0934245],[-74.757569,39.0934243],[-74.7575566,39.0934226],[-74.757551,39.0934213],[-74.7575457,39.0934196],[-74.7575408,39.0934175],[-74.7575362,39.0934151],[-74.7575281,39.0934096],[-74.75752,39.093403],[-74.757512,39.0933952],[-74.757504,39.0933863],[-74.7574961,39.0933762],[-74.7574883,39.0933649],[-74.7574806,39.0933524],[-74.7574727,39.0933386],[-74.7574627,39.0933185],[-74.7574546,39.0932987],[-74.7574485,39.0932797],[-74.7574445,39.0932615],[-74.7574426,39.0932445],[-74.7574428,39.0932287],[-74.7574438,39.0932212],[-74.7574452,39.093214],[-74.7574472,39.0932072],[-74.7574497,39.0932006],[-74.7574545,39.0931917],[-74.7574616,39.0931822],[-74.75747,39.093173],[-74.7574937,39.0931487],[-74.7575,39.0931413],[-74.757505,39.0931345],[-74.75751,39.0931265],[-74.7575146,39.0931182],[-74.7575224,39.0931005],[-74.7575287,39.0930814],[-74.7575336,39.0930603],[-74.7575365,39.0930417],[-74.7575387,39.0930206],[-74.7575427,39.0929511],[-74.7575448,39.0929263],[-74.7575479,39.0929027],[-74.7575522,39.0928818],[-74.7575629,39.0928434],[-74.757577,39.0928009],[-74.7575918,39.0927607],[-74.7576282,39.0926663],[-74.7576449,39.0926195],[-74.7576521,39.092597],[-74.7576583,39.0925757],[-74.7576637,39.0925554],[-74.7576681,39.0925357],[-74.7576852,39.0924609],[-74.757689,39.0924423],[-74.7576918,39.0924256],[-74.757694,39.0924076],[-74.7576951,39.0923908],[-74.7576952,39.0923749],[-74.7576942,39.0923597],[-74.7576912,39.0923359],[-74.7576873,39.0923135],[-74.7576824,39.0922924],[-74.7576765,39.0922727],[-74.7576696,39.0922541],[-74.7576618,39.0922369],[-74.7576529,39.0922209],[-74.757643,39.0922062],[-74.7576381,39.0921999],[-74.7576325,39.0921936],[-74.7576189,39.0921806],[-74.7576034,39.092168],[-74.7575719,39.0921441],[-74.7575591,39.092134],[-74.7575466,39.0921231],[-74.7575363,39.0921129],[-74.7575255,39.0921003],[-74.7575146,39.0920858],[-74.7575035,39.0920694],[-74.757472,39.0920203],[-74.7574612,39.0920054],[-74.7574507,39.0919925],[-74.7574364,39.0919767],[-74.757421,39.0919611],[-74.7574045,39.0919456],[-74.7573869,39.0919302],[-74.7573682,39.0919149],[-74.7573483,39.0918996],[-74.7573271,39.0918843],[-74.7573046,39.0918689],[-74.7572817,39.0918541],[-74.7572574,39.091839],[-74.7572314,39.0918236],[-74.7572034,39.0918077],[-74.7571425,39.0917746],[-74.7570531,39.0917281],[-74.75699,39.0916954],[-74.7569528,39.0916766],[-74.7569176,39.0916596],[-74.7568854,39.0916451],[-74.7568531,39.0916316],[-74.7568222,39.09162],[-74.7567923,39.0916102],[-74.7567632,39.0916019],[-74.756706,39.0915878],[-74.7566556,39.0915768],[-74.7566321,39.0915724],[-74.7566098,39.0915686],[-74.7565886,39.0915654],[-74.7565686,39.091563],[-74.7565495,39.0915612],[-74.7565315,39.0915601],[-74.7565147,39.0915596],[-74.7564989,39.0915598],[-74.7564843,39.0915607],[-74.7564707,39.0915623],[-74.7564583,39.0915646],[-74.7564469,39.0915675],[-74.7564391,39.0915702],[-74.7564316,39.0915733],[-74.7564244,39.091577],[-74.7564175,39.0915813],[-74.7564109,39.091586],[-74.7564045,39.0915913],[-74.7563985,39.0915971],[-74.7563927,39.0916035],[-74.7563872,39.0916103],[-74.756382,39.0916178],[-74.7563723,39.0916342],[-74.7563637,39.0916529],[-74.7563561,39.0916739],[-74.7563503,39.0916941],[-74.7563451,39.0917162],[-74.7563406,39.0917405],[-74.7563367,39.0917673],[-74.7563311,39.0918188],[-74.7563221,39.0919298],[-74.756317,39.0919725],[-74.7563126,39.0920055],[-74.756309,39.0920384],[-74.7563063,39.0920712],[-74.7563045,39.0921038],[-74.7563035,39.0921362],[-74.7563035,39.0921682],[-74.7563043,39.0921998],[-74.756306,39.092231],[-74.7563073,39.0922438],[-74.7563095,39.0922569],[-74.7563126,39.0922704],[-74.7563167,39.0922844],[-74.7563216,39.0922988],[-74.7563275,39.0923137],[-74.7563344,39.0923291],[-74.7563422,39.0923453],[-74.7563581,39.0923746],[-74.7563777,39.0924074],[-74.7563984,39.0924398],[-74.756452,39.0925213],[-74.7564666,39.0925444],[-74.7564789,39.092565],[-74.7564917,39.092588],[-74.7565023,39.0926091],[-74.7565109,39.0926289],[-74.7565177,39.0926476],[-74.7565211,39.0926587],[-74.7565237,39.0926695],[-74.7565257,39.09268],[-74.7565269,39.0926901],[-74.7565275,39.0926999],[-74.7565274,39.0927095],[-74.7565266,39.0927187],[-74.7565251,39.0927277],[-74.7565229,39.0927365],[-74.75652,39.092745],[-74.7565165,39.0927532],[-74.7565122,39.0927613],[-74.7565073,39.0927691],[-74.7565016,39.0927766],[-74.7564952,39.092784],[-74.7564881,39.0927911],[-74.7564653,39.0928119],[-74.7564461,39.0928275],[-74.756437,39.092834],[-74.7564282,39.0928397],[-74.7564197,39.0928445],[-74.7564116,39.0928484],[-74.7564027,39.0928518],[-74.7563934,39.0928544],[-74.7563836,39.0928562],[-74.7563733,39.0928572],[-74.7563624,39.0928574],[-74.7563509,39.0928568],[-74.7563388,39.0928554],[-74.7563259,39.0928532],[-74.7563037,39.092848],[-74.7562784,39.0928406],[-74.7562539,39.0928323],[-74.7561964,39.0928119],[-74.7561687,39.0928029],[-74.7561443,39.0927962],[-74.7561226,39.0927917],[-74.7560785,39.0927849],[-74.7560333,39.0927791],[-74.7559869,39.0927745],[-74.755939,39.0927709],[-74.7558897,39.0927683],[-74.7558387,39.0927669],[-74.7557857,39.0927664],[-74.7557304,39.092767],[-74.7556839,39.0927682],[-74.7556351,39.0927701],[-74.7555836,39.0927727],[-74.7555284,39.092776],[-74.7554255,39.0927834],[-74.7551748,39.0928032],[-74.7551065,39.092808],[-74.7550451,39.0928117],[-74.7549796,39.0928147],[-74.7549184,39.0928166],[-74.7548604,39.0928174],[-74.754805,39.092817],[-74.7547456,39.0928152],[-74.7546886,39.092812],[-74.7546337,39.0928073],[-74.7545807,39.0928012],[-74.7545547,39.0927975],[-74.7545292,39.0927935],[-74.7545041,39.0927891],[-74.7544793,39.0927843],[-74.7544549,39.0927791],[-74.7544309,39.0927736],[-74.7544071,39.0927676],[-74.7543837,39.0927613],[-74.75431,39.0927421],[-74.7542815,39.092734],[-74.7542663,39.0927291],[-74.7542526,39.092724],[-74.7542401,39.0927188],[-74.7542286,39.0927134],[-74.7542208,39.0927092],[-74.7542132,39.0927045],[-74.7541985,39.0926939],[-74.7541844,39.0926815],[-74.7541707,39.092667],[-74.754159,39.0926525],[-74.7541467,39.0926357],[-74.7541351,39.0926183],[-74.754105,39.0925714],[-74.7540956,39.0925578],[-74.7540869,39.0925458],[-74.7540764,39.0925328],[-74.7540659,39.0925212],[-74.7540552,39.0925109],[-74.7540443,39.0925016],[-74.7540335,39.0924936],[-74.7540221,39.0924857],[-74.75401,39.0924781],[-74.7539973,39.0924706],[-74.7539838,39.0924633],[-74.7539696,39.0924562],[-74.7539385,39.0924422],[-74.7539086,39.0924302],[-74.7538743,39.0924178],[-74.7538394,39.092406],[-74.7537458,39.0923755],[-74.7537183,39.0923661],[-74.753694,39.0923572],[-74.753667,39.0923465],[-74.7536425,39.0923359],[-74.75362,39.092325],[-74.7535992,39.0923139],[-74.7535619,39.0922938],[-74.7534802,39.092253],[-74.7534455,39.0922349],[-74.7534274,39.0922249],[-74.7534111,39.0922153],[-74.7533962,39.092206],[-74.7533827,39.0921968],[-74.753368,39.0921859],[-74.7533549,39.0921751],[-74.7533434,39.0921643],[-74.7533333,39.0921534],[-74.7533247,39.0921424],[-74.7533175,39.0921313],[-74.7533118,39.09212],[-74.7533075,39.0921086],[-74.7533061,39.0921029],[-74.7533055,39.0920966],[-74.7533055,39.0920894],[-74.7533062,39.0920814],[-74.7533089,39.0920651],[-74.7533177,39.0920249],[-74.7533192,39.0920146],[-74.7533197,39.0920061],[-74.7533188,39.0919974],[-74.7533163,39.0919906],[-74.7533145,39.0919879],[-74.7533122,39.0919856],[-74.7533095,39.0919836],[-74.7533064,39.0919821],[-74.7533022,39.0919809],[-74.7532972,39.0919801],[-74.7532915,39.0919798],[-74.7532849,39.0919799],[-74.7532714,39.091981],[-74.7532345,39.0919856],[-74.7532243,39.0919863],[-74.7532156,39.0919864],[-74.7532059,39.0919857],[-74.7531961,39.0919846],[-74.7531862,39.091983],[-74.7531763,39.0919809],[-74.7531662,39.0919783],[-74.7531559,39.0919752],[-74.7531348,39.0919673],[-74.7531146,39.0919583],[-74.7530926,39.091947],[-74.7530704,39.0919346],[-74.7530108,39.0919],[-74.7529927,39.0918902],[-74.7529763,39.091882],[-74.7529572,39.0918735],[-74.7529391,39.0918668],[-74.7529216,39.0918617],[-74.7529046,39.091858],[-74.7528834,39.0918549],[-74.7528615,39.0918527],[-74.7528388,39.0918512],[-74.7528154,39.0918506],[-74.7527911,39.0918509],[-74.752766,39.0918519],[-74.7527399,39.0918538],[-74.752713,39.0918566],[-74.7526856,39.0918601],[-74.7526572,39.0918644],[-74.7526275,39.0918696],[-74.7525964,39.0918756],[-74.7525642,39.0918824],[-74.7525297,39.0918903],[-74.7524475,39.0919107],[-74.7523845,39.0919272],[-74.7523332,39.0919419],[-74.7522874,39.0919564],[-74.7522461,39.0919712],[-74.7522264,39.091979],[-74.7522077,39.0919868],[-74.7521898,39.0919949],[-74.7521727,39.0920032],[-74.7521564,39.0920116],[-74.7521409,39.0920203],[-74.7521261,39.0920292],[-74.7521121,39.0920384],[-74.7520922,39.0920522],[-74.7520737,39.0920657],[-74.7520568,39.092079],[-74.7520413,39.0920919],[-74.7520272,39.0921047],[-74.7520145,39.0921171],[-74.7520032,39.0921294],[-74.7519933,39.0921414],[-74.7519876,39.0921496],[-74.7519826,39.0921582],[-74.7519785,39.0921672],[-74.7519752,39.0921767],[-74.7519728,39.0921866],[-74.7519711,39.0921971],[-74.7519702,39.092208],[-74.7519702,39.0922195],[-74.7519709,39.0922314],[-74.7519724,39.0922441],[-74.7519747,39.0922576],[-74.7519778,39.0922721],[-74.7519858,39.0923023],[-74.7520047,39.0923639],[-74.7520121,39.0923898],[-74.7520183,39.0924166],[-74.7520219,39.0924402],[-74.752023,39.0924538],[-74.7520231,39.0924667],[-74.7520223,39.0924789],[-74.7520206,39.0924905],[-74.752018,39.0925016],[-74.7520144,39.0925121],[-74.7520098,39.0925222],[-74.7520043,39.0925318],[-74.7519969,39.0925424],[-74.7519878,39.0925539],[-74.7519497,39.0925962],[-74.7519349,39.0926143],[-74.7519242,39.0926298],[-74.7519142,39.0926464],[-74.7519048,39.0926643],[-74.7518957,39.092684],[-74.7518886,39.0927014],[-74.7518813,39.0927209],[-74.7518513,39.092807],[-74.7518431,39.092828],[-74.7518349,39.0928466],[-74.7518263,39.0928638],[-74.7518174,39.0928796],[-74.7518079,39.0928944],[-74.7517978,39.0929081],[-74.7517727,39.0929386],[-74.7517465,39.0929679],[-74.7517194,39.0929956],[-74.7516914,39.0930217],[-74.7516629,39.0930459],[-74.7516338,39.0930683],[-74.7516042,39.0930888],[-74.7515893,39.0930983],[-74.7515743,39.0931073],[-74.7515477,39.0931222],[-74.7515214,39.0931359],[-74.7514953,39.0931485],[-74.7514697,39.0931598],[-74.7514444,39.09317],[-74.7514194,39.0931789],[-74.7513949,39.0931865],[-74.7513709,39.093193],[-74.7513307,39.0932026],[-74.7513011,39.0932089],[-74.7512743,39.0932136],[-74.7512499,39.0932168],[-74.7512266,39.0932185],[-74.7512051,39.0932186],[-74.7511949,39.093218],[-74.7511851,39.0932171],[-74.7511757,39.0932157],[-74.7511666,39.093214],[-74.7511544,39.093211],[-74.7511419,39.0932071],[-74.751129,39.0932025],[-74.7511158,39.0931971],[-74.7511023,39.093191],[-74.7510886,39.0931841],[-74.7510747,39.0931764],[-74.7510608,39.0931682],[-74.7510521,39.0931625],[-74.7510434,39.0931561],[-74.7510347,39.0931491],[-74.7510256,39.0931412],[-74.7510107,39.093127],[-74.7509811,39.0930969],[-74.7509683,39.0930843],[-74.7509437,39.0930606],[-74.7509193,39.093036],[-74.750895,39.0930105],[-74.7508709,39.0929839],[-74.7508468,39.0929563],[-74.7508226,39.0929275],[-74.7507982,39.0928974],[-74.7507735,39.0928657],[-74.7507326,39.0928111],[-74.7506885,39.0927496],[-74.7506474,39.0926903],[-74.7505503,39.0925484],[-74.7505004,39.0924773],[-74.7504754,39.0924429],[-74.7504515,39.0924107],[-74.7504282,39.0923803],[-74.7504054,39.0923514],[-74.7503703,39.0923083],[-74.750333,39.0922637],[-74.7502929,39.0922171],[-74.7502495,39.0921678],[-74.7501636,39.0920725],[-74.7499987,39.0918935],[-74.7499324,39.0918207],[-74.7498648,39.091745],[-74.7498054,39.0916763],[-74.7497717,39.0916361],[-74.7497399,39.0915972],[-74.7497097,39.0915593],[-74.7496811,39.0915223],[-74.7496538,39.0914858],[-74.7496279,39.0914499],[-74.7496033,39.0914145],[-74.7495798,39.0913794],[-74.7495629,39.0913526],[-74.7495452,39.0913223],[-74.7495283,39.0912918],[-74.7494844,39.0912106],[-74.7494584,39.0911654],[-74.7494435,39.0911415],[-74.7494288,39.0911196],[-74.7494139,39.0910991],[-74.7493988,39.09108],[-74.7493855,39.0910647],[-74.7493694,39.0910482],[-74.749353,39.0910326],[-74.7493118,39.0909944],[-74.7492909,39.0909737],[-74.7492808,39.0909628],[-74.7492718,39.0909524],[-74.7492639,39.0909422],[-74.7492569,39.0909322],[-74.7492513,39.0909228],[-74.7492461,39.0909128],[-74.7492412,39.0909019],[-74.7492367,39.0908901],[-74.7492296,39.0908677],[-74.7492151,39.0908151],[-74.7492109,39.0908021],[-74.7492066,39.0907905],[-74.7492019,39.0907794],[-74.7491969,39.0907693],[-74.7491914,39.0907598],[-74.7491854,39.0907511],[-74.7491658,39.0907253],[-74.7491474,39.0907033],[-74.7491293,39.0906839],[-74.7491113,39.0906669],[-74.7490929,39.0906519],[-74.7490837,39.0906452],[-74.7490744,39.090639],[-74.749065,39.0906334],[-74.7490555,39.0906283],[-74.7490459,39.0906238],[-74.7490363,39.0906197],[-74.7490212,39.0906144],[-74.7490037,39.0906095],[-74.7489841,39.0906048],[-74.7489518,39.090598],[-74.7489297,39.0905938],[-74.7489071,39.0905904],[-74.7488837,39.0905876],[-74.7488597,39.0905857],[-74.7488349,39.0905844],[-74.7488092,39.0905839],[-74.7487825,39.0905841],[-74.7487546,39.090585],[-74.7487296,39.0905864],[-74.7487034,39.0905883],[-74.748646,39.090594],[-74.7485916,39.0906005],[-74.7484725,39.0906162],[-74.7484233,39.090622],[-74.7483848,39.0906267],[-74.7483451,39.0906326],[-74.7483037,39.0906398],[-74.7482603,39.0906483],[-74.7482127,39.0906586],[-74.7481604,39.0906708],[-74.7481048,39.0906845],[-74.7479467,39.0907246],[-74.7478973,39.0907365],[-74.7478529,39.0907465],[-74.7478013,39.0907572],[-74.747753,39.090766],[-74.7477069,39.0907732],[-74.7476625,39.0907788],[-74.7476307,39.0907819],[-74.7475975,39.0907846],[-74.7475626,39.0907869],[-74.7475255,39.0907887],[-74.7474477,39.0907911],[-74.7472901,39.0907937],[-74.7472233,39.0907953],[-74.7471871,39.0907967],[-74.7471534,39.0907984],[-74.7471214,39.0908005],[-74.7470909,39.0908029],[-74.7469669,39.0908132],[-74.746903,39.0908196],[-74.7468714,39.0908234],[-74.746842,39.0908276],[-74.7468143,39.0908321],[-74.7467879,39.090837],[-74.7467371,39.0908478],[-74.7466881,39.0908596],[-74.7466412,39.0908722],[-74.7465962,39.0908857],[-74.7465532,39.0909],[-74.7465123,39.0909152],[-74.7464734,39.0909313],[-74.7464366,39.0909482],[-74.746409,39.090962],[-74.7463818,39.0909766],[-74.7463551,39.0909918],[-74.746329,39.0910076],[-74.7463035,39.0910239],[-74.7462789,39.0910407],[-74.7462551,39.0910579],[-74.7462324,39.0910754],[-74.746208,39.0910955],[-74.7461841,39.0911168],[-74.7461605,39.0911393],[-74.7461374,39.0911631],[-74.7461147,39.0911879],[-74.7460926,39.0912138],[-74.7460711,39.0912407],[-74.7460503,39.0912684],[-74.7460404,39.0912826],[-74.746031,39.0912973],[-74.7460221,39.0913125],[-74.7460136,39.0913284],[-74.7460055,39.0913448],[-74.7459978,39.091362],[-74.7459904,39.09138],[-74.7459832,39.0913989],[-74.7459721,39.0914319],[-74.7459611,39.0914692],[-74.7459514,39.0915055],[-74.7459283,39.0915957],[-74.745915,39.0916431],[-74.7459074,39.0916672],[-74.7458997,39.0916896],[-74.7458917,39.0917107],[-74.7458834,39.0917307],[-74.7458659,39.0917681],[-74.7458445,39.0918093],[-74.7458222,39.0918493],[-74.7457641,39.0919504],[-74.745748,39.0919796],[-74.7457343,39.092006],[-74.7457199,39.0920355],[-74.7457076,39.0920634],[-74.7456971,39.0920902],[-74.7456883,39.0921161],[-74.7456772,39.0921541],[-74.7456674,39.0921931],[-74.7456587,39.0922331],[-74.7456513,39.0922741],[-74.7456451,39.092316],[-74.7456402,39.0923587],[-74.7456365,39.0924021],[-74.7456341,39.0924461],[-74.745633,39.0924886],[-74.7456333,39.0925312],[-74.7456349,39.0925739],[-74.7456378,39.0926167],[-74.7456421,39.0926593],[-74.7456476,39.0927019],[-74.7456545,39.0927443],[-74.7456626,39.0927864],[-74.7456721,39.0928281],[-74.7456827,39.0928694],[-74.7456947,39.0929102],[-74.7457078,39.0929505],[-74.7457222,39.0929901],[-74.7457377,39.0930292],[-74.7457544,39.0930675],[-74.7457722,39.0931051],[-74.7457871,39.0931345],[-74.7458014,39.0931617],[-74.7458154,39.0931872],[-74.7458293,39.0932113],[-74.7458433,39.0932343],[-74.7458574,39.0932562],[-74.7458717,39.0932771],[-74.7458861,39.093297],[-74.745898,39.0933122],[-74.7459114,39.0933277],[-74.7459263,39.0933436],[-74.7459431,39.0933602],[-74.7459754,39.0933899],[-74.7460518,39.0934567],[-74.7460699,39.0934733],[-74.7460857,39.0934886],[-74.7460996,39.0935028],[-74.7461122,39.0935166],[-74.7461236,39.0935301],[-74.7461339,39.0935434],[-74.7461466,39.093561],[-74.7461591,39.0935793],[-74.7461839,39.0936182],[-74.7462085,39.0936607],[-74.7462336,39.0937079],[-74.7462451,39.0937311],[-74.7462563,39.0937554],[-74.7462673,39.0937809],[-74.7462783,39.0938079],[-74.7462891,39.0938361],[-74.7463002,39.0938669],[-74.7463264,39.0939439],[-74.7463444,39.0940005],[-74.7463609,39.0940573],[-74.746376,39.0941142],[-74.7463895,39.0941711],[-74.7464015,39.094228],[-74.746412,39.0942847],[-74.7464209,39.0943413],[-74.7464282,39.0943976],[-74.746434,39.0944536],[-74.7464382,39.0945093],[-74.7464409,39.0945646],[-74.7464419,39.0946195],[-74.7464414,39.0946739],[-74.7464393,39.0947278],[-74.7464357,39.0947811],[-74.7464304,39.0948338],[-74.7464198,39.094944],[-74.7464163,39.0949721],[-74.7464122,39.0949971],[-74.7464066,39.0950236],[-74.7464,39.0950481],[-74.7463922,39.0950709],[-74.7463831,39.0950923],[-74.7463746,39.0951094],[-74.7463649,39.0951269],[-74.7463539,39.0951448],[-74.7463417,39.0951633],[-74.7463283,39.0951824],[-74.7463133,39.0952023],[-74.7462966,39.0952234],[-74.7462776,39.0952465],[-74.7462332,39.0952995],[-74.7462181,39.0953164],[-74.7462039,39.0953311],[-74.746189,39.0953452],[-74.7461743,39.0953578],[-74.7461596,39.095369],[-74.7461447,39.095379],[-74.7461291,39.0953881],[-74.7461121,39.0953969],[-74.7460937,39.0954054],[-74.7460737,39.0954137],[-74.7460524,39.0954217],[-74.7460292,39.0954296],[-74.7460039,39.0954375],[-74.7459757,39.0954456],[-74.7459531,39.0954514],[-74.7459291,39.0954566],[-74.7459037,39.0954613],[-74.7458766,39.0954655],[-74.7458483,39.0954692],[-74.7458172,39.0954725],[-74.7457827,39.0954757],[-74.7457361,39.0954794],[-74.7457089,39.0954813],[-74.7456812,39.0954826],[-74.7456529,39.0954834],[-74.7456239,39.0954836],[-74.7455942,39.0954833],[-74.7455637,39.0954825],[-74.7455324,39.0954812],[-74.7455001,39.0954793],[-74.7454343,39.0954741],[-74.7453625,39.0954668],[-74.7452834,39.0954571],[-74.7451786,39.095443],[-74.745072,39.0954277],[-74.7449827,39.0954134],[-74.7449413,39.0954062],[-74.7449018,39.0953988],[-74.744864,39.0953912],[-74.7448275,39.0953833],[-74.7447918,39.0953751],[-74.7447572,39.0953665],[-74.7447238,39.0953577],[-74.7446914,39.0953484],[-74.74466,39.0953389],[-74.7446296,39.0953289],[-74.7446001,39.0953186],[-74.7445715,39.0953079],[-74.7445576,39.0953022],[-74.7445434,39.0952957],[-74.7445287,39.0952884],[-74.7445132,39.0952802],[-74.7444841,39.0952634],[-74.7444105,39.0952185],[-74.7443888,39.0952063],[-74.744369,39.0951961],[-74.7443462,39.0951857],[-74.7443242,39.0951773],[-74.7443027,39.0951708],[-74.7442815,39.0951661],[-74.7442542,39.095162],[-74.7442235,39.095159],[-74.744189,39.0951571],[-74.7441405,39.0951556],[-74.7440955,39.0951552],[-74.7440509,39.095156],[-74.7440071,39.0951583],[-74.7439644,39.0951618],[-74.7439366,39.0951652],[-74.7439078,39.09517],[-74.7438779,39.0951763],[-74.7438462,39.0951841],[-74.7438182,39.0951919],[-74.7437873,39.0952011],[-74.7436823,39.0952348],[-74.7436417,39.0952472],[-74.7436004,39.0952587],[-74.7435628,39.0952677],[-74.7435343,39.0952744],[-74.7435022,39.0952828],[-74.7433932,39.0953146],[-74.7433521,39.095326],[-74.7433119,39.0953357],[-74.7432935,39.0953395],[-74.7432759,39.0953427],[-74.7432543,39.0953459],[-74.7432337,39.0953481],[-74.7432139,39.0953494],[-74.743195,39.0953496],[-74.7431768,39.0953489],[-74.7431593,39.0953472],[-74.7431423,39.0953445],[-74.743126,39.0953408],[-74.7431116,39.0953366],[-74.7430967,39.0953315],[-74.7430811,39.0953254],[-74.7430645,39.0953181],[-74.7430312,39.0953018],[-74.7429708,39.0952699],[-74.7429515,39.0952594],[-74.7429323,39.0952482],[-74.7429132,39.0952362],[-74.7428942,39.0952235],[-74.7428752,39.09521],[-74.7428562,39.0951956],[-74.742837,39.0951803],[-74.7428175,39.0951639],[-74.7427841,39.0951342],[-74.7427482,39.0950999],[-74.7427138,39.0950656],[-74.7426266,39.0949768],[-74.7426009,39.0949514],[-74.7425774,39.094929],[-74.7425506,39.0949046],[-74.7425248,39.0948824],[-74.7424996,39.0948619],[-74.7424745,39.094843],[-74.7424301,39.0948102],[-74.7423326,39.0947366],[-74.7422927,39.0947072],[-74.742243,39.0946721],[-74.7422198,39.0946566],[-74.7421974,39.0946422],[-74.7421724,39.0946268],[-74.742148,39.0946125],[-74.7421239,39.0945993],[-74.7421003,39.0945872],[-74.7420768,39.094576],[-74.7420535,39.0945658],[-74.7420304,39.0945564],[-74.7420073,39.094548],[-74.7419746,39.0945372],[-74.7419411,39.0945271],[-74.7419069,39.0945177],[-74.7418722,39.0945091],[-74.741837,39.0945012],[-74.7418016,39.0944942],[-74.7417661,39.0944881],[-74.7417305,39.0944828],[-74.741695,39.0944784],[-74.7416597,39.0944749],[-74.7416247,39.0944723],[-74.7415901,39.0944707],[-74.7415559,39.0944699],[-74.7415222,39.0944701],[-74.7414891,39.0944712],[-74.7414567,39.0944731],[-74.7414161,39.0944769],[-74.7413752,39.0944819],[-74.7413346,39.0944882],[-74.7412947,39.0944957],[-74.7412669,39.0945019],[-74.7412382,39.0945093],[-74.7412084,39.094518],[-74.741177,39.0945282],[-74.741147,39.0945387],[-74.7411139,39.094551],[-74.7409988,39.0945957],[-74.7409571,39.094612],[-74.7409159,39.0946286],[-74.7408752,39.0946454],[-74.7408351,39.0946625],[-74.7407956,39.09468],[-74.7407567,39.0946977],[-74.7407183,39.0947157],[-74.7406805,39.0947339],[-74.7406434,39.0947524],[-74.7406068,39.0947712],[-74.7405709,39.0947903],[-74.7405357,39.0948096],[-74.740501,39.0948291],[-74.740467,39.0948489],[-74.7404337,39.0948689],[-74.740401,39.0948892],[-74.7403437,39.094925],[-74.7403132,39.0949449],[-74.7402851,39.0949645],[-74.7402611,39.0949831],[-74.7402433,39.0949981],[-74.7402262,39.0950132],[-74.7402099,39.0950283],[-74.7401945,39.0950436],[-74.7401798,39.0950588],[-74.7401661,39.0950741],[-74.7401533,39.0950893],[-74.7401413,39.0951045],[-74.7401349,39.0951138],[-74.740129,39.0951241],[-74.7401234,39.0951356],[-74.7401182,39.0951483],[-74.7401097,39.0951735],[-74.7400919,39.0952355],[-74.7400863,39.0952515],[-74.7400804,39.0952651],[-74.7400727,39.0952791],[-74.7400686,39.0952853],[-74.7400642,39.0952909],[-74.7400595,39.0952959],[-74.7400546,39.0953005],[-74.7400493,39.0953046],[-74.7400438,39.0953082],[-74.7400366,39.095312],[-74.7400287,39.0953153],[-74.7400202,39.095318],[-74.7400111,39.0953202],[-74.7400012,39.0953218],[-74.7399905,39.095323],[-74.7399791,39.0953236],[-74.7399668,39.0953236],[-74.7399447,39.0953227],[-74.7399191,39.0953204],[-74.7398933,39.0953172],[-74.7398249,39.095308],[-74.7397873,39.095304],[-74.7397683,39.0953028],[-74.7397508,39.0953024],[-74.7397346,39.0953028],[-74.7397196,39.0953039],[-74.7396823,39.0953083],[-74.7396463,39.0953136],[-74.7396118,39.0953196],[-74.7395788,39.0953264],[-74.7395349,39.0953363],[-74.7395047,39.0953436],[-74.7394776,39.0953509],[-74.7394534,39.0953583],[-74.7394307,39.0953662],[-74.7394101,39.0953747],[-74.7393914,39.0953836],[-74.7393745,39.0953931],[-74.7393583,39.0954036],[-74.7393424,39.0954152],[-74.739327,39.0954276],[-74.7393121,39.0954409],[-74.7392981,39.0954547],[-74.739285,39.095469],[-74.7392732,39.0954834],[-74.7392627,39.0954979],[-74.7392576,39.0955058],[-74.739253,39.0955141],[-74.7392489,39.0955227],[-74.7392451,39.0955317],[-74.7392387,39.095551],[-74.7392338,39.0955724],[-74.7392309,39.0955912],[-74.7392287,39.0956123],[-74.7392243,39.0956883],[-74.7392215,39.0957179],[-74.7392185,39.0957491],[-74.7392169,39.0957818],[-74.7392168,39.0958164],[-74.739218,39.0958534],[-74.7392201,39.0958855],[-74.7392232,39.0959214],[-74.7392354,39.0960367],[-74.7392393,39.0960773],[-74.7392421,39.0961154],[-74.7392438,39.0961499],[-74.7392442,39.0961816],[-74.7392436,39.0962115],[-74.7392418,39.09624],[-74.7392388,39.0962674],[-74.7392336,39.0963039],[-74.7392271,39.0963414],[-74.7392196,39.0963799],[-74.7392108,39.0964198],[-74.7392008,39.096461],[-74.7391896,39.096504],[-74.7391769,39.0965492],[-74.7391625,39.0965975],[-74.7391532,39.0966258],[-74.739142,39.0966551],[-74.739129,39.0966858],[-74.7391138,39.0967184],[-74.7390995,39.0967469],[-74.7390829,39.0967786],[-74.7390246,39.096885],[-74.7390031,39.0969255],[-74.7389826,39.0969662],[-74.7389655,39.0970031],[-74.7389569,39.0970235],[-74.7389492,39.0970432],[-74.7389422,39.0970625],[-74.7389361,39.0970813],[-74.7389307,39.0970998],[-74.7389261,39.0971179],[-74.7389222,39.0971358],[-74.7389191,39.0971534],[-74.7389117,39.0972012],[-74.7389078,39.0972341],[-74.7389059,39.0972639],[-74.738906,39.0972909],[-74.7389076,39.0973063],[-74.7389112,39.0973236],[-74.7389159,39.0973405],[-74.7389287,39.0973813],[-74.7389338,39.097402],[-74.7389355,39.0974124],[-74.7389363,39.097422],[-74.7389362,39.0974309],[-74.7389352,39.0974392],[-74.7389321,39.0974515],[-74.7389271,39.0974635],[-74.7389203,39.0974753],[-74.7389116,39.0974869],[-74.7389009,39.0974983],[-74.7388884,39.0975095],[-74.7388738,39.0975207],[-74.7388571,39.0975319],[-74.7388433,39.0975403],[-74.7388282,39.0975488],[-74.7388116,39.0975574],[-74.7387933,39.0975664],[-74.7387535,39.0975846],[-74.7386715,39.0976199],[-74.7386381,39.0976348],[-74.7386046,39.0976509],[-74.7385769,39.0976658],[-74.7385352,39.0976889],[-74.7384876,39.0977132],[-74.7384402,39.0977361],[-74.7383199,39.0977926],[-74.7382861,39.0978091],[-74.738256,39.0978244],[-74.7382234,39.0978418],[-74.7381935,39.0978589],[-74.7381659,39.0978758],[-74.7381403,39.0978928],[-74.7381133,39.0979117],[-74.7380877,39.0979301],[-74.7380633,39.0979483],[-74.7380401,39.0979662],[-74.7380181,39.0979839],[-74.737997,39.0980015],[-74.7379771,39.098019],[-74.7379581,39.0980363],[-74.7379274,39.0980659],[-74.7378983,39.0980955],[-74.737871,39.0981252],[-74.7378454,39.0981549],[-74.7378216,39.0981846],[-74.7377996,39.0982143],[-74.7377794,39.0982439],[-74.737761,39.0982734],[-74.7377396,39.098309],[-74.7377282,39.0983296],[-74.7377191,39.0983492],[-74.7377126,39.098367],[-74.7377101,39.0983764],[-74.7377081,39.098386],[-74.7377057,39.0984063],[-74.7377052,39.0984278],[-74.7377069,39.0984509],[-74.7377103,39.0984749],[-74.7377158,39.0985013],[-74.7377233,39.0985304],[-74.7377349,39.0985703],[-74.7377414,39.0985901],[-74.7377492,39.0986105],[-74.7377584,39.0986318],[-74.7377692,39.0986541],[-74.7377811,39.0986768],[-74.7377949,39.0987015],[-74.7378346,39.0987677],[-74.737849,39.0987907],[-74.7378644,39.0988138],[-74.7378809,39.0988371],[-74.7378984,39.0988606],[-74.737917,39.0988844],[-74.7379368,39.0989085],[-74.7379578,39.0989331],[-74.7379801,39.0989582],[-74.7380027,39.0989827],[-74.7380267,39.0990079],[-74.7380799,39.0990617],[-74.7381399,39.0991197],[-74.7382315,39.0992059],[-74.738263,39.0992352],[-74.7382951,39.0992643],[-74.7383278,39.0992933],[-74.7383612,39.0993221],[-74.7383952,39.0993509],[-74.7384297,39.0993794],[-74.7384649,39.0994078],[-74.7385006,39.099436],[-74.7385369,39.0994641],[-74.7385737,39.0994919],[-74.7386111,39.0995196],[-74.7386489,39.099547],[-74.7386873,39.0995742],[-74.7387262,39.0996012],[-74.7387656,39.099628],[-74.7388054,39.0996545],[-74.7388607,39.0996903],[-74.7389168,39.0997256],[-74.7389735,39.0997602],[-74.7390309,39.0997941],[-74.7390889,39.0998273],[-74.7391473,39.0998597],[-74.7392062,39.0998913],[-74.7392655,39.0999221],[-74.7393048,39.0999418],[-74.7393452,39.0999615],[-74.7393867,39.0999811],[-74.7394294,39.1000007],[-74.7394734,39.1000202],[-74.7395189,39.1000399],[-74.7395658,39.1000596],[-74.7396146,39.1000796],[-74.7397143,39.100119],[-74.7398244,39.1001606],[-74.7399469,39.1002054],[-74.7401141,39.1002652],[-74.7401639,39.100282],[-74.7402201,39.1002991],[-74.7402785,39.1003155],[-74.7404391,39.100359],[-74.7404873,39.1003731],[-74.7405301,39.1003864],[-74.7405782,39.1004029],[-74.7406007,39.1004112],[-74.7406221,39.1004197],[-74.7406428,39.1004283],[-74.7406627,39.1004371],[-74.7406818,39.1004461],[-74.7407002,39.1004554],[-74.7407294,39.1004702],[-74.7408001,39.100505],[-74.7408338,39.1005223],[-74.7408704,39.1005426],[-74.7408865,39.1005523],[-74.7409014,39.1005618],[-74.7409168,39.1005723],[-74.7409308,39.1005828],[-74.7409436,39.1005933],[-74.7409552,39.1006038],[-74.7409657,39.1006143],[-74.740975,39.100625],[-74.7409832,39.1006358],[-74.7409902,39.1006467],[-74.7409959,39.1006567],[-74.7410011,39.1006673],[-74.741006,39.1006782],[-74.7410104,39.1006897],[-74.741018,39.1007137],[-74.7410238,39.100739],[-74.7410277,39.1007653],[-74.7410296,39.100792],[-74.7410295,39.1008185],[-74.7410274,39.1008444],[-74.741025,39.100859],[-74.7410213,39.1008741],[-74.7410162,39.1008901],[-74.7410097,39.100907],[-74.7410033,39.1009218],[-74.7409956,39.1009382],[-74.7409674,39.1009937],[-74.7409571,39.101015],[-74.7409477,39.1010346],[-74.7409374,39.1010548],[-74.740926,39.1010757],[-74.7409134,39.1010977],[-74.7408837,39.1011464],[-74.7408181,39.1012485],[-74.7407904,39.1012931],[-74.740776,39.1013176],[-74.740763,39.1013407],[-74.7407513,39.1013627],[-74.7407408,39.101384],[-74.7407169,39.1014361],[-74.7406931,39.101492],[-74.7406689,39.1015525],[-74.7406433,39.1016208],[-74.7406325,39.1016528],[-74.7406231,39.1016869],[-74.7406148,39.1017233],[-74.7406076,39.1017627],[-74.7406023,39.101799],[-74.7405973,39.1018397],[-74.7405832,39.1019831],[-74.7405767,39.1020392],[-74.7405726,39.1020687],[-74.7405681,39.1020961],[-74.7405631,39.1021218],[-74.7405577,39.1021461],[-74.7405503,39.1021743],[-74.740542,39.102201],[-74.7405328,39.1022263],[-74.7405226,39.1022504],[-74.7405114,39.1022733],[-74.7404992,39.1022952],[-74.7404858,39.102316],[-74.7404714,39.1023358],[-74.7404513,39.1023603],[-74.7404291,39.1023847],[-74.7404049,39.102409],[-74.7403785,39.1024333],[-74.7403499,39.1024575],[-74.7403192,39.1024818],[-74.7402861,39.1025062],[-74.7402506,39.1025307],[-74.7402141,39.1025546],[-74.740175,39.1025788],[-74.7401332,39.1026037],[-74.740088,39.1026293],[-74.740041,39.102655],[-74.7399889,39.1026826],[-74.7399315,39.1027123],[-74.7398463,39.1027558],[-74.739795,39.1027816],[-74.73975,39.1028036],[-74.7397083,39.1028234],[-74.7396688,39.1028414],[-74.7396305,39.102858],[-74.7395935,39.1028732],[-74.7395575,39.1028872],[-74.7395222,39.1028999],[-74.7394908,39.1029105],[-74.7394579,39.1029208],[-74.7394234,39.102931],[-74.739387,39.1029411],[-74.739349,39.1029511],[-74.739308,39.1029613],[-74.7392123,39.1029835],[-74.7391639,39.102994],[-74.739117,39.1030037],[-74.7390715,39.1030126],[-74.7390272,39.1030207],[-74.738984,39.103028],[-74.7389417,39.1030345],[-74.7389004,39.1030402],[-74.73886,39.1030452],[-74.7388304,39.1030483],[-74.7388001,39.1030507],[-74.7387692,39.1030525],[-74.7387374,39.1030536],[-74.7387049,39.1030541],[-74.7386714,39.103054],[-74.7386367,39.1030533],[-74.7386007,39.1030519],[-74.7385347,39.103048],[-74.7384613,39.103042],[-74.7383877,39.1030349],[-74.7381924,39.1030145],[-74.7381343,39.1030091],[-74.7380821,39.103005],[-74.738023,39.1030014],[-74.7379677,39.1029992],[-74.7379153,39.1029986],[-74.7378653,39.1029994],[-74.7377647,39.1030033],[-74.737668,39.1030085],[-74.7375748,39.1030149],[-74.7374848,39.1030228],[-74.7374329,39.103028],[-74.73738,39.103034],[-74.7373259,39.1030406],[-74.7372706,39.103048],[-74.737214,39.103056],[-74.7371558,39.1030649],[-74.7370959,39.1030745],[-74.7370338,39.1030849],[-74.7369645,39.1030976],[-74.7368945,39.1031121],[-74.7368235,39.1031284],[-74.7367513,39.1031466],[-74.7366779,39.1031666],[-74.7366028,39.1031886],[-74.7365257,39.1032127],[-74.7364461,39.1032391],[-74.7363795,39.1032621],[-74.7363102,39.103287],[-74.7362376,39.1033139],[-74.7361602,39.1033434],[-74.7360164,39.1033999],[-74.735761,39.1035024],[-74.7356636,39.1035411],[-74.7355655,39.1035793],[-74.7354769,39.103613],[-74.7353808,39.1036482],[-74.7352901,39.1036799],[-74.7352032,39.1037087],[-74.7351192,39.1037349],[-74.734986,39.1037748],[-74.734876,39.1038074],[-74.7347756,39.1038365],[-74.7346823,39.1038629],[-74.7345094,39.1039105],[-74.7343393,39.1039559],[-74.7341718,39.1039992],[-74.7340066,39.1040404],[-74.7338436,39.1040796],[-74.7336825,39.1041168],[-74.7335234,39.104152],[-74.733366,39.1041852],[-74.7332102,39.1042166],[-74.733056,39.104246],[-74.7329033,39.1042736],[-74.7327521,39.1042992],[-74.7326023,39.104323],[-74.7324538,39.1043449],[-74.7323065,39.104365],[-74.7321606,39.1043832],[-74.7306602,39.1045479],[-74.7289644,39.1046974],[-74.728762,39.1047169],[-74.7286904,39.1047301],[-74.7286207,39.1047483],[-74.7285534,39.1047714],[-74.7284891,39.1047991],[-74.7284284,39.1048314],[-74.7283716,39.1048678],[-74.7283194,39.1049082],[-74.7282722,39.1049521],[-74.7282347,39.1049937],[-74.7282017,39.1050376],[-74.7281734,39.1050835],[-74.72815,39.1051309],[-74.7281316,39.1051798],[-74.7281184,39.1052296],[-74.7281104,39.10528],[-74.7281077,39.1053309],[-74.7281095,39.1053734],[-74.728115,39.1054158],[-74.7281242,39.1054577],[-74.7281371,39.1054991],[-74.7281599,39.1055534],[-74.7282046,39.1056377],[-74.7282435,39.1057377],[-74.7282713,39.1057887],[-74.7283216,39.1058621],[-74.7283856,39.1059353],[-74.7295337,39.107065],[-74.7295911,39.1071215],[-74.7312002,39.1087054],[-74.7312188,39.1087263],[-74.7312358,39.1087474],[-74.7312512,39.1087689],[-74.7312648,39.1087906],[-74.7312769,39.1088125],[-74.7312873,39.1088348],[-74.731296,39.1088573],[-74.7313031,39.1088801],[-74.7313085,39.1089033],[-74.7313122,39.1089273],[-74.7313143,39.108952],[-74.7313147,39.108977],[-74.7313135,39.109002],[-74.7313105,39.1090269],[-74.7313059,39.1090511],[-74.7312996,39.1090746],[-74.7312924,39.1090957],[-74.7312835,39.1091171],[-74.731273,39.1091385],[-74.731261,39.1091599],[-74.7312476,39.1091808],[-74.731233,39.1092013],[-74.7312173,39.1092209],[-74.7312006,39.1092396],[-74.7311828,39.1092574],[-74.7311631,39.109275],[-74.7311415,39.1092922],[-74.7311183,39.1093091],[-74.7310934,39.1093256],[-74.731067,39.1093414],[-74.7310395,39.1093566],[-74.731011,39.1093708],[-74.7309849,39.1093827],[-74.730958,39.1093938],[-74.7309305,39.1094041],[-74.7309025,39.1094134],[-74.7308744,39.1094217],[-74.7308462,39.1094291],[-74.7308181,39.1094353],[-74.7307904,39.1094404],[-74.7307635,39.1094442],[-74.7307355,39.1094472],[-74.7307064,39.1094493],[-74.7306765,39.1094505],[-74.7306457,39.1094507],[-74.7306144,39.10945],[-74.7305827,39.1094485],[-74.7305509,39.109446],[-74.7305338,39.109444],[-74.7305157,39.1094413],[-74.7304966,39.1094379],[-74.7304762,39.1094336],[-74.7304551,39.1094286],[-74.7304321,39.1094228],[-74.7303716,39.1094059],[-74.7301575,39.1095125],[-74.7301122,39.1095363],[-74.730067,39.1095616],[-74.7300219,39.1095885],[-74.7299767,39.1096171],[-74.7299313,39.1096474],[-74.7298856,39.1096795],[-74.7298393,39.1097136],[-74.7297922,39.1097499],[-74.7297497,39.1097839],[-74.729706,39.1098201],[-74.7296604,39.1098588],[-74.7296123,39.1099009],[-74.7295327,39.1099725],[-74.7293619,39.1101292],[-74.7292868,39.1101971],[-74.7291897,39.1102815],[-74.7291527,39.1103147],[-74.7291329,39.1103333],[-74.729115,39.110351],[-74.7290985,39.110368],[-74.7290834,39.1103847],[-74.7290721,39.1103981],[-74.7290609,39.1104123],[-74.7290496,39.1104274],[-74.7290382,39.1104438],[-74.7290159,39.1104782],[-74.7289736,39.1105479],[-74.7289553,39.1105769],[-74.728935,39.1106067],[-74.7289154,39.1106326],[-74.7288987,39.1106527],[-74.728881,39.1106728],[-74.7288622,39.1106929],[-74.7288422,39.110713],[-74.7288211,39.1107332],[-74.7287987,39.1107537],[-74.7287749,39.1107744],[-74.7287496,39.1107955],[-74.7287025,39.1108328],[-74.7286486,39.1108732],[-74.7285939,39.1109127],[-74.7284493,39.1110152],[-74.7284073,39.1110458],[-74.7283702,39.1110737],[-74.7283293,39.1111057],[-74.7282922,39.1111364],[-74.7282581,39.1111663],[-74.7282269,39.1111957],[-74.7281956,39.1112251],[-74.7281155,39.1112977],[-74.7280939,39.1113182],[-74.7280753,39.1113369],[-74.7280548,39.1113593],[-74.7280371,39.1113807],[-74.728022,39.1114014],[-74.7280094,39.1114218],[-74.728003,39.1114338],[-74.7279973,39.1114462],[-74.7279923,39.1114591],[-74.7279878,39.1114726],[-74.7279839,39.1114866],[-74.7279806,39.1115012],[-74.7279779,39.1115164],[-74.7279757,39.1115325],[-74.7279733,39.1115607],[-74.7279722,39.1115925],[-74.7279722,39.1116237],[-74.7279735,39.1117024],[-74.7279727,39.1117446],[-74.7279714,39.1117662],[-74.7279694,39.1117863],[-74.7279666,39.1118053],[-74.7279631,39.1118232],[-74.7279581,39.1118477],[-74.7279457,39.1119145],[-74.7279414,39.1119343],[-74.7279368,39.1119519],[-74.7279308,39.1119715],[-74.727924,39.1119894],[-74.7279164,39.112006],[-74.7279078,39.1120212],[-74.7278974,39.1120367],[-74.727885,39.1120524],[-74.7278705,39.1120683],[-74.7278537,39.1120849],[-74.7278383,39.1120989],[-74.7278204,39.1121142],[-74.7277561,39.1121662],[-74.7277317,39.1121867],[-74.727649,39.1122574],[-74.7276117,39.1122884],[-74.7275759,39.1123173],[-74.727541,39.1123449],[-74.727507,39.1123709],[-74.7274736,39.1123957],[-74.7274408,39.1124193],[-74.727408,39.1124421],[-74.7273755,39.1124638],[-74.7273432,39.1124844],[-74.7273111,39.1125041],[-74.7272792,39.1125228],[-74.7272474,39.1125406],[-74.7272157,39.1125574],[-74.727184,39.1125734],[-74.7271486,39.1125902],[-74.7271113,39.1126069],[-74.7270721,39.1126236],[-74.7270306,39.1126403],[-74.726987,39.1126571],[-74.7269401,39.1126743],[-74.7268892,39.1126923],[-74.7268316,39.112712],[-74.7267193,39.1127501],[-74.7266836,39.1127616],[-74.7266513,39.1127714],[-74.7266184,39.1127807],[-74.7265874,39.1127886],[-74.7265575,39.1127954],[-74.7265287,39.1128011],[-74.7265124,39.1128036],[-74.7264952,39.1128056],[-74.7264768,39.1128071],[-74.726457,39.1128081],[-74.7264197,39.1128087],[-74.7263282,39.1128081],[-74.7263034,39.1128087],[-74.7262813,39.1128099],[-74.7262579,39.112812],[-74.7262364,39.1128151],[-74.7262162,39.1128191],[-74.7261974,39.1128242],[-74.7261766,39.1128311],[-74.7261543,39.1128394],[-74.7261298,39.1128495],[-74.7260987,39.112863],[-74.7260549,39.1128827],[-74.7260258,39.1128967],[-74.7260008,39.1129105],[-74.7259899,39.1129172],[-74.7259798,39.1129239],[-74.7259731,39.112929],[-74.7259667,39.1129344],[-74.7259606,39.1129403],[-74.7259548,39.1129466],[-74.7259441,39.1129605],[-74.7259344,39.1129763],[-74.7259252,39.1129951],[-74.7259167,39.1130168],[-74.7259088,39.1130408],[-74.7258949,39.1130888],[-74.7258887,39.1131084],[-74.7258816,39.1131284],[-74.7258742,39.1131456],[-74.7258693,39.1131553],[-74.7258641,39.1131642],[-74.7258586,39.1131725],[-74.7258528,39.1131801],[-74.7258467,39.1131871],[-74.7258401,39.1131936],[-74.7258332,39.1131994],[-74.7258259,39.1132047],[-74.7258169,39.1132103],[-74.7258072,39.1132155],[-74.7257969,39.1132204],[-74.7257858,39.1132249],[-74.725774,39.1132292],[-74.7257614,39.1132331],[-74.7257479,39.1132367],[-74.7257334,39.1132401],[-74.7257078,39.1132451],[-74.7256782,39.1132497],[-74.725649,39.1132535],[-74.7255749,39.1132624],[-74.725536,39.1132679],[-74.7255165,39.1132713],[-74.7254986,39.1132749],[-74.725482,39.1132788],[-74.7254665,39.113283],[-74.725374,39.1133089],[-74.7253505,39.1133159],[-74.7253299,39.1133226],[-74.7253083,39.1133304],[-74.7252888,39.1133384],[-74.7252711,39.1133466],[-74.725255,39.1133551],[-74.7252466,39.1133603],[-74.7252383,39.1133658],[-74.7252224,39.1133783],[-74.7252071,39.1133927],[-74.7251921,39.1134093],[-74.7251791,39.1134258],[-74.7251656,39.1134449],[-74.7251526,39.1134646],[-74.725119,39.1135178],[-74.7251086,39.1135333],[-74.7250988,39.1135469],[-74.7250872,39.1135618],[-74.7250756,39.1135751],[-74.7250638,39.113587],[-74.7250517,39.1135977],[-74.7250272,39.1136168],[-74.7250007,39.1136352],[-74.7249722,39.1136528],[-74.7249418,39.1136698],[-74.7249093,39.1136861],[-74.7248747,39.1137018],[-74.7248377,39.1137169],[-74.7247983,39.1137316],[-74.7247596,39.1137448],[-74.7247184,39.1137578],[-74.7246742,39.1137706],[-74.7246264,39.1137836],[-74.7245815,39.113795],[-74.7245311,39.1138072],[-74.7243338,39.1138531],[-74.724313,39.1138576],[-74.7242895,39.1138619],[-74.7242649,39.1138657],[-74.7241973,39.1138752],[-74.7241769,39.1138785],[-74.7241589,39.1138819],[-74.7241386,39.1138865],[-74.72412,39.1138915],[-74.724103,39.1138972],[-74.7240872,39.1139034],[-74.7240747,39.1139094],[-74.7240613,39.113917],[-74.7240206,39.1139434],[-74.7240067,39.1139519],[-74.7239937,39.1139589],[-74.7239815,39.1139643],[-74.7239737,39.1139671],[-74.7239656,39.1139695],[-74.7239483,39.1139734],[-74.7239295,39.1139759],[-74.723909,39.113977],[-74.7238876,39.1139768],[-74.7238635,39.1139754],[-74.7238381,39.1139731],[-74.723767,39.1139654],[-74.7237453,39.1139638],[-74.7237262,39.1139629],[-74.7237047,39.113963],[-74.723685,39.1139644],[-74.7236669,39.113967],[-74.7236502,39.1139709],[-74.7236202,39.1139801],[-74.7235915,39.1139902],[-74.7235644,39.1140012],[-74.7235393,39.1140128],[-74.7235163,39.1140251],[-74.7234956,39.1140379],[-74.7234771,39.1140512],[-74.7234609,39.114065],[-74.7234538,39.1140722],[-74.7234467,39.1140807],[-74.7234394,39.1140905],[-74.7234187,39.1141202],[-74.7234116,39.1141291],[-74.7234046,39.1141367],[-74.723396,39.1141448],[-74.7233868,39.1141527],[-74.7233769,39.1141604],[-74.7233662,39.114168],[-74.7233548,39.1141754],[-74.7233426,39.1141827],[-74.7233296,39.1141899],[-74.7233156,39.1141971],[-74.7232891,39.1142095],[-74.7232584,39.1142225],[-74.7232287,39.1142342],[-74.7231633,39.114259],[-74.7231368,39.1142695],[-74.7231127,39.1142788],[-74.7230853,39.1142884],[-74.7229959,39.1143165],[-74.7229651,39.1143267],[-74.722937,39.114337],[-74.7229121,39.1143473],[-74.7228751,39.1143645],[-74.7228378,39.1143837],[-74.7227999,39.1144051],[-74.7227612,39.1144286],[-74.7227218,39.1144543],[-74.7226807,39.1144828],[-74.7226371,39.1145146],[-74.7225881,39.1145518],[-74.7225594,39.1145749],[-74.7225307,39.1146],[-74.7225019,39.1146274],[-74.7224722,39.1146576],[-74.7224465,39.1146852],[-74.7224186,39.1147164],[-74.7223243,39.1148264],[-74.7222867,39.1148691],[-74.7222664,39.1148913],[-74.722247,39.1149117],[-74.7222281,39.1149308],[-74.7222095,39.1149488],[-74.7221852,39.1149713],[-74.7221591,39.1149944],[-74.722131,39.1150183],[-74.7221003,39.1150435],[-74.7220418,39.1150896],[-74.721897,39.1152011],[-74.721858,39.1152322],[-74.7218234,39.1152606],[-74.7217874,39.1152917],[-74.7217546,39.1153215],[-74.7217246,39.1153506],[-74.7216971,39.1153793],[-74.721668,39.1154121],[-74.7216378,39.1154493],[-74.7216062,39.1154906],[-74.7215434,39.1155759],[-74.7215162,39.1156121],[-74.7214865,39.1156495],[-74.7214586,39.1156824],[-74.721428,39.1157178],[-74.721362,39.115797],[-74.7213323,39.1158318],[-74.7213003,39.1158675],[-74.7212705,39.1158983],[-74.7212534,39.1159148],[-74.7212366,39.1159302],[-74.7212199,39.1159445],[-74.7212033,39.1159578],[-74.7211866,39.1159703],[-74.72117,39.1159818],[-74.7211532,39.1159925],[-74.7211363,39.1160023],[-74.72112,39.1160107],[-74.7211029,39.1160185],[-74.7210849,39.1160257],[-74.7210658,39.1160322],[-74.7210458,39.1160381],[-74.7210247,39.1160434],[-74.7210025,39.1160481],[-74.7209789,39.1160523],[-74.7209563,39.1160557],[-74.7209324,39.1160586],[-74.7209068,39.1160613],[-74.7208793,39.1160635],[-74.7208234,39.116067],[-74.7207122,39.1160719],[-74.7206659,39.1160744],[-74.7206181,39.116078],[-74.7205758,39.1160823],[-74.7205516,39.1160855],[-74.7205286,39.1160891],[-74.7205066,39.1160931],[-74.7204857,39.1160975],[-74.7204657,39.1161025],[-74.7204464,39.1161079],[-74.720428,39.1161138],[-74.7204104,39.1161203],[-74.7203725,39.1161353],[-74.7203397,39.1161491],[-74.7203102,39.1161625],[-74.7202835,39.1161757],[-74.7202641,39.1161863],[-74.7202451,39.1161979],[-74.7202267,39.1162106],[-74.7202086,39.1162242],[-74.720191,39.1162389],[-74.7201737,39.1162547],[-74.7201565,39.1162718],[-74.7201395,39.1162901],[-74.7201256,39.1163061],[-74.7201116,39.1163232],[-74.7200973,39.1163415],[-74.7200825,39.1163615],[-74.7200554,39.1163998],[-74.719989,39.1164973],[-74.7199695,39.1165245],[-74.7199514,39.1165486],[-74.7199308,39.1165742],[-74.7199105,39.1165976],[-74.7198902,39.116619],[-74.7198697,39.1166387],[-74.7198489,39.1166585],[-74.7197988,39.1167082],[-74.7197846,39.1167215],[-74.7197715,39.1167331],[-74.7197555,39.1167462],[-74.7197398,39.1167577],[-74.7197242,39.1167679],[-74.7197086,39.1167767],[-74.7196918,39.1167846],[-74.7196721,39.116792],[-74.7196497,39.1167991],[-74.7196029,39.1168122],[-74.7195833,39.1168181],[-74.7195634,39.1168251],[-74.7195465,39.1168322],[-74.7195348,39.1168381],[-74.7195234,39.1168446],[-74.7195124,39.1168516],[-74.7195016,39.1168593],[-74.719491,39.1168677],[-74.7194806,39.1168767],[-74.7194705,39.1168863],[-74.7194604,39.1168968],[-74.7194509,39.1169075],[-74.7194413,39.1169191],[-74.7194217,39.1169452],[-74.7194023,39.1169736],[-74.7193655,39.1170312],[-74.7193497,39.117055],[-74.7193325,39.1170793],[-74.719316,39.1171002],[-74.7193059,39.1171121],[-74.7192956,39.117123],[-74.7192853,39.1171332],[-74.7192748,39.1171427],[-74.7192641,39.1171515],[-74.7192532,39.1171597],[-74.7192419,39.1171672],[-74.7192304,39.1171741],[-74.7192104,39.1171848],[-74.7191871,39.1171957],[-74.7191635,39.1172058],[-74.7191021,39.1172312],[-74.7190692,39.1172461],[-74.7190185,39.1172716],[-74.7189677,39.1172986],[-74.7189169,39.1173273],[-74.718866,39.1173576],[-74.718815,39.1173895],[-74.7187639,39.117423],[-74.7187127,39.1174581],[-74.7186614,39.1174949],[-74.718645,39.1175074],[-74.7186285,39.1175209],[-74.7186116,39.1175357],[-74.7185942,39.117552],[-74.7185619,39.1175841],[-74.7185042,39.1176444],[-74.7184813,39.1176678],[-74.7184573,39.1176912],[-74.718435,39.1177113],[-74.7184089,39.1177328],[-74.718396,39.1177425],[-74.7183832,39.1177515],[-74.7183703,39.1177599],[-74.7183574,39.1177678],[-74.7183443,39.1177751],[-74.7183312,39.1177818],[-74.7182917,39.1178001],[-74.7182517,39.1178169],[-74.7182115,39.1178319],[-74.7181717,39.1178449],[-74.718152,39.1178507],[-74.7181326,39.1178559],[-74.7181133,39.1178607],[-74.7180943,39.1178648],[-74.7180756,39.1178685],[-74.7180571,39.1178716],[-74.718039,39.1178742],[-74.7180212,39.1178763],[-74.7180057,39.1178776],[-74.7179898,39.1178784],[-74.7179735,39.1178788],[-74.7179567,39.1178788],[-74.7179215,39.1178774],[-74.7178837,39.1178741],[-74.7178464,39.1178696],[-74.7178048,39.1178633],[-74.7177648,39.1178565],[-74.7176687,39.1178391],[-74.7175846,39.1178238],[-74.7175501,39.1178169],[-74.7175184,39.11781],[-74.7174882,39.1178028],[-74.7174597,39.1177954],[-74.7174326,39.1177876],[-74.7174069,39.1177796],[-74.7173757,39.117769],[-74.7173465,39.1177585],[-74.7173189,39.1177479],[-74.7172928,39.1177372],[-74.7172681,39.1177263],[-74.7172446,39.1177152],[-74.7172225,39.1177039],[-74.7172016,39.1176923],[-74.7171796,39.1176793],[-74.7171582,39.1176657],[-74.7171374,39.1176515],[-74.7171171,39.1176367],[-74.7170973,39.1176214],[-74.717078,39.1176055],[-74.7170593,39.1175891],[-74.7170411,39.1175721],[-74.7170118,39.117557],[-74.7169814,39.1175433],[-74.71695,39.117531],[-74.7169177,39.1175203],[-74.7168845,39.1175111],[-74.7168508,39.1175034],[-74.7168165,39.1174973],[-74.7167818,39.1174929],[-74.7167468,39.1174901],[-74.7167117,39.1174889],[-74.7166765,39.1174893],[-74.7166414,39.1174915],[-74.7166066,39.1174952],[-74.7165721,39.1175006],[-74.7165381,39.1175075],[-74.7165047,39.1175161],[-74.716472,39.1175262],[-74.7164402,39.1175377],[-74.7164093,39.1175508],[-74.7163795,39.1175653],[-74.7163509,39.1175811],[-74.7163235,39.1175983],[-74.7162976,39.1176167],[-74.7162731,39.1176363],[-74.7162502,39.117657],[-74.7162289,39.1176787],[-74.716229,39.1177266],[-74.7162212,39.1177826],[-74.7162134,39.1178338],[-74.7161957,39.1179084],[-74.7161681,39.1180063],[-74.7161463,39.1180654],[-74.7161088,39.1181882],[-74.7160084,39.118497],[-74.7137971,39.1179482],[-74.7148584,39.1158503],[-74.7149055,39.115643],[-74.7149054,39.1155924],[-74.7148962,39.1155077],[-74.7148243,39.1153105],[-74.7143119,39.1145265],[-74.7141284,39.1143984],[-74.7140367,39.1143629],[-74.7139236,39.1143464],[-74.7137984,39.1143443],[-74.7137252,39.1143444],[-74.713658,39.1143588],[-74.7135848,39.1143827],[-74.713533,39.1144018],[-74.71351,39.1144055],[-74.7135297,39.114416],[-74.7135566,39.1144316],[-74.7135924,39.1144663],[-74.7136171,39.114515],[-74.7136172,39.1145428],[-74.713586,39.114562],[-74.7135503,39.1145847],[-74.7135169,39.114583],[-74.7134945,39.1145709],[-74.7134653,39.1145309],[-74.7134295,39.1144997],[-74.7134071,39.1144789],[-74.7133623,39.1144146],[-74.7132996,39.1143608],[-74.7132369,39.1142965],[-74.7131988,39.1142635],[-74.7131742,39.1142375],[-74.7130958,39.1141611],[-74.7130532,39.1141212],[-74.7129951,39.1140743],[-74.7128877,39.1140049],[-74.7127936,39.1139216],[-74.7126951,39.1138348],[-74.7126101,39.1137619],[-74.7124848,39.1136717],[-74.7124042,39.1136109],[-74.7123236,39.1135537],[-74.7121894,39.1134565],[-74.7121155,39.1133819],[-74.711979,39.1132795],[-74.711923,39.1132326],[-74.7118692,39.1131788],[-74.7118178,39.1131371],[-74.7117641,39.113099],[-74.7116746,39.1130435],[-74.7115984,39.1129671],[-74.7115425,39.1129341],[-74.7115068,39.1129446],[-74.7113331,39.1130823],[-74.7112841,39.1131227],[-74.7112484,39.1131521],[-74.711175,39.1132183],[-74.7110635,39.1132898],[-74.7110479,39.1132933],[-74.7110256,39.1132882],[-74.7109987,39.1132778],[-74.7109674,39.1132587],[-74.7109406,39.1132396],[-74.710936,39.1132205],[-74.7109494,39.1132013],[-74.7110118,39.1131699],[-74.7110764,39.1131246],[-74.7111478,39.1131088],[-74.7111991,39.1130808],[-74.7112314,39.113058],[-74.711384,39.1129501],[-74.7114286,39.1129239],[-74.7114843,39.1128698],[-74.7114485,39.1128386],[-74.7113947,39.1127935],[-74.7113119,39.1127293],[-74.7111977,39.1126268],[-74.7110679,39.1125105],[-74.7109112,39.1123612],[-74.7107971,39.1122884],[-74.7107254,39.1122259],[-74.7105418,39.1120592],[-74.7104008,39.1119342],[-74.7101948,39.1117485],[-74.7100471,39.111627],[-74.7100001,39.1115731],[-74.7098814,39.111462],[-74.7098366,39.1114291],[-74.7098009,39.1114169],[-74.7097519,39.1114623],[-74.7095938,39.1115947],[-74.7095831,39.1116054],[-74.7095136,39.1116575],[-74.7094712,39.1116872],[-74.7094289,39.1117098],[-74.709382,39.1117065],[-74.709335,39.1116822],[-74.709297,39.1116527],[-74.7092902,39.1116266],[-74.7093057,39.1115953],[-74.7093436,39.1115604],[-74.7094171,39.1115133],[-74.7094564,39.1115091],[-74.7094818,39.1115028],[-74.7097471,39.1113475],[-74.7097135,39.1113023],[-74.7096753,39.1112432],[-74.7096104,39.1111929],[-74.7095412,39.1111704],[-74.709445,39.1111253],[-74.7092392,39.1109953],[-74.7091609,39.1109571],[-74.7090938,39.1109016],[-74.7090378,39.1108547],[-74.7089729,39.1108009],[-74.7088945,39.1107089],[-74.708834,39.1106289],[-74.708722,39.1104952],[-74.7086427,39.1104185],[-74.7085488,39.1103108],[-74.7084323,39.1101652],[-74.7083573,39.110107],[-74.7083028,39.1100458],[-74.7082559,39.1100036],[-74.7082053,39.1099716],[-74.708055,39.1100801],[-74.7078672,39.1102158],[-74.7078298,39.1102508],[-74.7077944,39.1102742],[-74.7077513,39.1102743],[-74.7077119,39.1102423],[-74.7076912,39.1102146],[-74.707693,39.1101927],[-74.7077229,39.1101577],[-74.7077845,39.110108],[-74.7079284,39.1100348],[-74.7080399,39.1099639],[-74.7081427,39.1098845],[-74.7081132,39.1097925],[-74.7079772,39.1096621],[-74.7079346,39.1095944],[-74.7078333,39.1094954],[-74.7077843,39.1094065],[-74.7076059,39.1091895],[-74.7074688,39.1090425],[-74.7073223,39.1088794],[-74.7072378,39.1087775],[-74.7071663,39.1086522],[-74.7071135,39.1085254],[-74.7070833,39.108438],[-74.7070794,39.1084],[-74.7071135,39.1083938],[-74.706962,39.1080728],[-74.7065312,39.1081947],[-74.7061281,39.1082833],[-74.7058673,39.1083256],[-74.7057785,39.1083257],[-74.7057415,39.1083143],[-74.705357,39.1081247],[-74.7050291,39.1080027],[-74.7048992,39.1079446],[-74.7045631,39.1077945],[-74.7043877,39.1077283],[-74.7043032,39.107677],[-74.7042871,39.1076533],[-74.7042266,39.1076299],[-74.7041568,39.1076056],[-74.7041114,39.1075676],[-74.7040169,39.1074618],[-74.703933,39.1073967],[-74.7038735,39.107337],[-74.7038384,39.1072637],[-74.7037964,39.1072067],[-74.7037614,39.1071633],[-74.7037159,39.1071172],[-74.703674,39.1070874],[-74.7036564,39.1070602],[-74.7036459,39.1070303],[-74.7036563,39.1070086],[-74.7036911,39.1069922],[-74.7037399,39.1069812],[-74.7037853,39.1069893],[-74.7038588,39.107068],[-74.7039322,39.1071358],[-74.7040057,39.1072172],[-74.7040827,39.1072877],[-74.7041281,39.1073284],[-74.7041736,39.1073691],[-74.7042085,39.1073799],[-74.7042749,39.1074287],[-74.7043308,39.1074694],[-74.7043658,39.1075101],[-74.704366,39.1075535],[-74.704383,39.1075477],[-74.7044739,39.1075267],[-74.7045968,39.107514],[-74.7046609,39.1074973],[-74.7048881,39.1074091],[-74.7049801,39.1073829],[-74.7050411,39.1073712],[-74.7050892,39.1073539],[-74.7051243,39.1073336],[-74.7052239,39.1072296],[-74.7052553,39.1072123],[-74.7052905,39.1072036],[-74.7053848,39.1071904],[-74.7054218,39.1071832],[-74.7054643,39.1071715],[-74.7055012,39.1071513],[-74.7055837,39.1070787],[-74.7064939,39.1056349],[-74.706524,39.1055194],[-74.7066294,39.1051109],[-74.7066459,39.1049897],[-74.7070502,39.1046004],[-74.7073098,39.1043578],[-74.7073936,39.1042583],[-74.7075376,39.104004],[-74.7077426,39.1036771],[-74.7077756,39.1036133],[-74.707979,39.1032663],[-74.7080563,39.1031611],[-74.7081403,39.1030204],[-74.7082736,39.1028048],[-74.7083832,39.1026381],[-74.7084069,39.1026263],[-74.7084738,39.1026211],[-74.7084932,39.1026194],[-74.7086126,39.1025667],[-74.7086556,39.1024761],[-74.7086331,39.1023719],[-74.7086326,39.1022243],[-74.7087881,39.1020329],[-74.709032,39.1015983],[-74.7093322,39.1013372],[-74.7099432,39.1006413],[-74.7102758,39.1000414],[-74.7104197,39.0997198],[-74.7104529,39.0996416],[-74.7105641,39.0995458],[-74.7107753,39.0993631],[-74.7111975,39.0988933],[-74.7113196,39.0987455],[-74.7115312,39.098693],[-74.7116314,39.098632],[-74.7117313,39.0985015],[-74.7117755,39.0983712],[-74.7117752,39.0982496],[-74.7118748,39.0980236],[-74.7119398,39.0979546],[-74.7122389,39.0977475],[-74.7130812,39.097075],[-74.7138355,39.096318],[-74.7142357,39.095959],[-74.7151866,39.0952798],[-74.7159204,39.0946856],[-74.7163996,39.0942027],[-74.7174325,39.0930152],[-74.717647,39.0927759],[-74.7186488,39.091658],[-74.7189467,39.091361],[-74.7191885,39.0911651],[-74.7197893,39.0908122],[-74.7204149,39.0903876],[-74.7209565,39.0898394],[-74.7215231,39.0892716],[-74.7221728,39.0885213],[-74.7255096,39.0851079],[-74.7266134,39.0839658],[-74.7283801,39.0823403],[-74.7306388,39.0803947],[-74.7318888,39.0792913],[-74.7344549,39.0768629],[-74.7375202,39.0738211],[-74.7389735,39.0723133],[-74.740755,39.0703033],[-74.7435262,39.0669493],[-74.7447075,39.0654225],[-74.7456432,39.0641698],[-74.7464004,39.0631963],[-74.7465203,39.0630016],[-74.7467787,39.0625774],[-74.7468429,39.0625087],[-74.747031,39.0623071],[-74.7470524,39.0622799],[-74.7470612,39.0622688]]]}}
