{"type":"FeatureCollection","name":"avalon_road_centerlines","metadata":{"source":"NJOGIS NG911 Road Centerlines (Tran_road)","url":"https://services2.arcgis.com/XVOqAjTOJ5P6ngMu/arcgis/rest/services/Tran_road/FeatureServer/0","query_url":"https://services2.arcgis.com/XVOqAjTOJ5P6ngMu/arcgis/rest/services/Tran_road/FeatureServer/0/query","retrieved_at_utc":"2026-09-04T20:04:53.665574+00:00","source_last_edit_date":1785341586960,"out_sr":4326,"query_envelope_wgs84":[-74.7673636,39.0622688,-74.7036459,39.118497],"spatial_relationship":"esriSpatialRelIntersects","boundary_file":"avalon_boundary.geojson","boundary_sha256":"2204620d9103f6b38d7a431bfdc7df7ce3c828b570accc5b3096d3cb3b3faa5d","fields":["OBJECTID","PRIMENAME","ELEVTYP_F","ELEVTYP_T"],"feature_count":710,"complete_objectid_inventory_verified":true,"municipal_clipping":"Envelope selection only; clip against the actual municipal boundary in the application."},"features":[{"type":"Feature","id":2378,"properties":{"OBJECTID":2378,"PRIMENAME":"1st Avenue","ELEVTYP_F":0,"ELEVTYP_T":0},"geometry":{"type":"LineString","coordinates":[[-74.7247012290585,39.0903640512536],[-74.7252391695587,39.0897288986004]]}},{"type":"Feature","id":2510,"properties":{"OBJECTID":2510,"PRIMENAME":"42nd Street","ELEVTYP_F":0,"ELEVTYP_T":0},"geometry":{"type":"LineString","coordinates":[[-74.7355449499547,39.091319383565],[-74.7361007433669,39.0916061016804],[-74.736427507646,39.0917746903002],[-74.7380066697532,39.0925887012747],[-74.7380449396973,39.0926084274259],[-74.7384072916207,39.0927951980172],[-74.7385589212115,39.0928722636472]]}},{"type":"Feature","id":3182,"properties":{"OBJECTID":3182,"PRIMENAME":"72nd Street","ELEVTYP_F":0,"ELEVTYP_T":0},"geometry":{"type":"LineString","coordinates":[[-74.7477025928973,39.0699605026905],[-74.7483311461262,39.0702675197373]]}},{"type":"Feature","id":4416,"properties":{"OBJECTID":4416,"PRIMENAME":"Pelican Drive","ELEVTYP_F":0,"ELEVTYP_T":0},"geometry":{"type":"LineString","coordinates":[[-74.7401450796823,39.0909945087535],[-74.7401470791273,39.0909920056781],[-74.7402279283344,39.0909153686937],[-74.7402875154985,39.0908653000938],[-74.7403641454671,39.0908119280479],[-74.7404919703309,39.0907484563412],[-74.7405857452799,39.0907117163087],[-74.7407180409575,39.0906781370376],[-74.7407337474902,39.0906758533865],[-74.7408801078736,39.0906545450958],[-74.7413321211473,39.0906115452222]]}},{"type":"Feature","id":4855,"properties":{"OBJECTID":4855,"PRIMENAME":"17th Street East","ELEVTYP_F":0,"ELEVTYP_T":0},"geometry":{"type":"LineString","coordinates":[[-74.7104864679269,39.1014696941266],[-74.712133909212,39.102314444503]]}},{"type":"Feature","id":5159,"properties":{"OBJECTID":5159,"PRIMENAME":"37th Street","ELEVTYP_F":0,"ELEVTYP_T":0},"geometry":{"type":"LineString","coordinates":[[-74.7287679231525,39.0924434971452],[-74.7270439914281,39.0915570371025],[-74.7267548834472,39.0914115232925]]}},{"type":"Feature","id":5213,"properties":{"OBJECTID":5213,"PRIMENAME":"Dune Drive","ELEVTYP_F":0,"ELEVTYP_T":0},"geometry":{"type":"LineString","coordinates":[[-74.7287377646455,39.0887573248768],[-74.7281998407314,39.0893967213955]]}},{"type":"Feature","id":6063,"properties":{"OBJECTID":6063,"PRIMENAME":"Harbor Avenue","ELEVTYP_F":0,"ELEVTYP_T":0},"geometry":{"type":"LineString","coordinates":[[-74.7206642863174,39.1038817520222],[-74.7206667882817,39.1038591215866],[-74.7206788044204,39.1038360893813],[-74.7207427789087,39.1037609258247],[-74.7208906289762,39.103585437147]]}},{"type":"Feature","id":6135,"properties":{"OBJECTID":6135,"PRIMENAME":"8th Street","ELEVTYP_F":0,"ELEVTYP_T":0},"geometry":{"type":"LineString","coordinates":[[-74.713085143568,39.1110821291356],[-74.7132207258466,39.1111514320381]]}},{"type":"Feature","id":6319,"properties":{"OBJECTID":6319,"PRIMENAME":"Harbor Avenue","ELEVTYP_F":0,"ELEVTYP_T":0},"geometry":{"type":"LineString","coordinates":[[-74.7232764704092,39.1007207666362],[-74.7232583396762,39.1007599288109],[-74.7232075245286,39.1008378414006],[-74.7230628911838,39.1010020969564],[-74.7228992226136,39.1011979931889],[-74.7228491971757,39.1012585231376]]}},{"type":"Feature","id":6365,"properties":{"OBJECTID":6365,"PRIMENAME":"Dune Drive","ELEVTYP_F":0,"ELEVTYP_T":0},"geometry":{"type":"LineString","coordinates":[[-74.7228033299781,39.0958439352749],[-74.7222535891077,39.0964686090979]]}},{"type":"Feature","id":6953,"properties":{"OBJECTID":6953,"PRIMENAME":"70th Street","ELEVTYP_F":0,"ELEVTYP_T":0},"geometry":{"type":"LineString","coordinates":[[-74.7466298570231,39.0712373786634],[-74.7469577850812,39.0714059359768],[-74.7473515440681,39.0716130686922]]}},{"type":"Feature","id":7599,"properties":{"OBJECTID":7599,"PRIMENAME":"Ocean Drive","ELEVTYP_F":0,"ELEVTYP_T":0},"geometry":{"type":"LineString","coordinates":[[-74.7509602785476,39.066094416638],[-74.7504771833359,39.0666746833046],[-74.7504197969721,39.0667419966993]]}},{"type":"Feature","id":7965,"properties":{"OBJECTID":7965,"PRIMENAME":"35th Street","ELEVTYP_F":0,"ELEVTYP_T":0},"geometry":{"type":"LineString","coordinates":[[-74.7276806346681,39.0937343367494],[-74.7258935886496,39.0928180812353],[-74.7256646333242,39.0926973530931]]}},{"type":"Feature","id":8034,"properties":{"OBJECTID":8034,"PRIMENAME":"Marine Way","ELEVTYP_F":0,"ELEVTYP_T":0},"geometry":{"type":"LineString","coordinates":[[-74.7131135290348,39.110814682418],[-74.7133022107663,39.1107935160717],[-74.7134809064703,39.1107734685418],[-74.7140292456126,39.11071195505]]}},{"type":"Feature","id":8103,"properties":{"OBJECTID":8103,"PRIMENAME":"81st Street","ELEVTYP_F":0,"ELEVTYP_T":0},"geometry":{"type":"LineString","coordinates":[[-74.7503862619706,39.0630519773675],[-74.7505660391674,39.0631451134025]]}},{"type":"Feature","id":8587,"properties":{"OBJECTID":8587,"PRIMENAME":"Old Avalon Boulevard","ELEVTYP_F":0,"ELEVTYP_T":0},"geometry":{"type":"LineString","coordinates":[[-74.7490644264006,39.1150997830583],[-74.7489210640638,39.1153058586869],[-74.7487974142717,39.1154946750976]]}},{"type":"Feature","id":8652,"properties":{"OBJECTID":8652,"PRIMENAME":"83rd Street","ELEVTYP_F":0,"ELEVTYP_T":0},"geometry":{"type":"LineString","coordinates":[[-74.753661101168,39.0628881427075],[-74.7547247801515,39.0634248808341],[-74.7549462435765,39.0635413682699]]}},{"type":"Feature","id":8696,"properties":{"OBJECTID":8696,"PRIMENAME":"Ocean Drive","ELEVTYP_F":0,"ELEVTYP_T":0},"geometry":{"type":"LineString","coordinates":[[-74.7433803326709,39.0750939054113],[-74.7433673513875,39.0751093091505],[-74.7428395190261,39.075735985616]]}},{"type":"Feature","id":8793,"properties":{"OBJECTID":8793,"PRIMENAME":"1st Avenue","ELEVTYP_F":0,"ELEVTYP_T":0},"geometry":{"type":"LineString","coordinates":[[-74.7133443763269,39.1038609714237],[-74.7138850274852,39.1032159004835]]}},{"type":"Feature","id":9048,"properties":{"OBJECTID":9048,"PRIMENAME":"81st Street","ELEVTYP_F":0,"ELEVTYP_T":0},"geometry":{"type":"LineString","coordinates":[[-74.7505660391674,39.0631451134025],[-74.7524317265748,39.0641116239797],[-74.7525734676769,39.0641843556091]]}},{"type":"Feature","id":9067,"properties":{"OBJECTID":9067,"PRIMENAME":"Old Avalon Boulevard","ELEVTYP_F":0,"ELEVTYP_T":0},"geometry":{"type":"LineString","coordinates":[[-74.7379035920946,39.1121145370392],[-74.7375373402082,39.1120028158753],[-74.7370684149105,39.1118571729159],[-74.7364792177977,39.1116743202946],[-74.7358700301031,39.1114884008161],[-74.7353409111794,39.1113210163148],[-74.734917947724,39.1111896475996],[-74.7348719590382,39.1111753645481],[-74.734727666281,39.1111319694978],[-74.7345913365414,39.1110667568522],[-74.7345157521492,39.1110286877959]]}},{"type":"Feature","id":9318,"properties":{"OBJECTID":9318,"PRIMENAME":"Ocean Drive","ELEVTYP_F":0,"ELEVTYP_T":0},"geometry":{"type":"LineString","coordinates":[[-74.7374219646946,39.0821671830156],[-74.7368819200281,39.0828080523446]]}},{"type":"Feature","id":9402,"properties":{"OBJECTID":9402,"PRIMENAME":"68th Street","ELEVTYP_F":0,"ELEVTYP_T":0},"geometry":{"type":"LineString","coordinates":[[-74.7455469722653,39.0725241239313],[-74.7458606114573,39.0726850264999],[-74.746269337723,39.0728903736993]]}},{"type":"Feature","id":9536,"properties":{"OBJECTID":9536,"PRIMENAME":"Dune Drive","ELEVTYP_F":0,"ELEVTYP_T":0},"geometry":{"type":"LineString","coordinates":[[-74.7265690751856,39.091318005125],[-74.7260263674402,39.0919608058831]]}},{"type":"Feature","id":10052,"properties":{"OBJECTID":10052,"PRIMENAME":"22nd Street","ELEVTYP_F":0,"ELEVTYP_T":0},"geometry":{"type":"LineString","coordinates":[[-74.7226858121212,39.1031240237145],[-74.7230976028629,39.1033279632037],[-74.7247226597192,39.1041651082383]]}},{"type":"Feature","id":10181,"properties":{"OBJECTID":10181,"PRIMENAME":"Inlet Drive North","ELEVTYP_F":0,"ELEVTYP_T":0},"geometry":{"type":"LineString","coordinates":[[-74.7123135534548,39.1130010570892],[-74.7126640943836,39.1131858961981],[-74.7128880978117,39.113297900414],[-74.7129811588304,39.1133608005151]]}},{"type":"Feature","id":10194,"properties":{"OBJECTID":10194,"PRIMENAME":"Dune Drive","ELEVTYP_F":0,"ELEVTYP_T":0},"geometry":{"type":"LineString","coordinates":[[-74.7411827264145,39.0739632190302],[-74.7406533453718,39.074614519142]]}},{"type":"Feature","id":10563,"properties":{"OBJECTID":10563,"PRIMENAME":"48th Street","ELEVTYP_F":0,"ELEVTYP_T":0},"geometry":{"type":"LineString","coordinates":[[-74.7327080858979,39.0843399634537],[-74.7325337839622,39.084249754942]]}},{"type":"Feature","id":10663,"properties":{"OBJECTID":10663,"PRIMENAME":"24th Street West","ELEVTYP_F":0,"ELEVTYP_T":0},"geometry":{"type":"LineString","coordinates":[[-74.7217375864751,39.10080253499],[-74.7198373058477,39.0998241004676],[-74.7197009292088,39.0997550543405]]}},{"type":"Feature","id":11405,"properties":{"OBJECTID":11405,"PRIMENAME":"Ocean Drive","ELEVTYP_F":0,"ELEVTYP_T":0},"geometry":{"type":"LineString","coordinates":[[-74.7363428814201,39.0834471324871],[-74.7357972652834,39.0840924023158]]}},{"type":"Feature","id":11921,"properties":{"OBJECTID":11921,"PRIMENAME":"40th Street","ELEVTYP_F":0,"ELEVTYP_T":0},"geometry":{"type":"LineString","coordinates":[[-74.7283662775053,39.0894821744948],[-74.7294532790248,39.0900402926876],[-74.7303893318006,39.0905154469833]]}},{"type":"Feature","id":12181,"properties":{"OBJECTID":12181,"PRIMENAME":"Lind Lane","ELEVTYP_F":0,"ELEVTYP_T":0},"geometry":{"type":"LineString","coordinates":[[-74.7321945398978,39.0918348181647],[-74.7325670744339,39.0920269674484],[-74.7325826373145,39.092034624257],[-74.7326023521392,39.0920400494836],[-74.7326178550909,39.0920400185554],[-74.7326389741443,39.0920333867039],[-74.7326599794627,39.0920136026691],[-74.732748413885,39.0919157308175]]}},{"type":"Feature","id":12548,"properties":{"OBJECTID":12548,"PRIMENAME":"73rd Street","ELEVTYP_F":0,"ELEVTYP_T":0},"geometry":{"type":"LineString","coordinates":[[-74.7460507970683,39.0681925980336],[-74.7462250093502,39.0682837480132]]}},{"type":"Feature","id":12568,"properties":{"OBJECTID":12568,"PRIMENAME":"25th Street West","ELEVTYP_F":0,"ELEVTYP_T":0},"geometry":{"type":"LineString","coordinates":[[-74.7182133779512,39.0980786584684],[-74.719162562618,39.098563048272],[-74.7201174447824,39.0990503842322]]}},{"type":"Feature","id":13272,"properties":{"OBJECTID":13272,"PRIMENAME":"Meadowview Lane","ELEVTYP_F":0,"ELEVTYP_T":0},"geometry":{"type":"LineString","coordinates":[[-74.7347175484067,39.1104831882819],[-74.734833248247,39.1105189711397],[-74.7349158059043,39.1105445041716],[-74.7349780231093,39.1105637469925],[-74.7353627959549,39.1106846364926],[-74.7359560000856,39.11086748759],[-74.7365331496447,39.1110441073495],[-74.7369826546817,39.1111806213481]]}},{"type":"Feature","id":13308,"properties":{"OBJECTID":13308,"PRIMENAME":"38th Street","ELEVTYP_F":0,"ELEVTYP_T":0},"geometry":{"type":"LineString","coordinates":[[-74.7246645045641,39.0894387885343],[-74.7252391695587,39.0897288986004]]}},{"type":"Feature","id":14209,"properties":{"OBJECTID":14209,"PRIMENAME":"Dune Drive","ELEVTYP_F":0,"ELEVTYP_T":0},"geometry":{"type":"LineString","coordinates":[[-74.7455240321491,39.0688312294716],[-74.7449859549632,39.069471310088]]}},{"type":"Feature","id":15675,"properties":{"OBJECTID":15675,"PRIMENAME":"Barry Road","ELEVTYP_F":0,"ELEVTYP_T":0},"geometry":{"type":"LineString","coordinates":[[-74.7244496222674,39.104489939464],[-74.7231232262219,39.1038095525979],[-74.7224187459732,39.1034445553091]]}},{"type":"Feature","id":15763,"properties":{"OBJECTID":15763,"PRIMENAME":"79th Street","ELEVTYP_F":0,"ELEVTYP_T":0},"geometry":{"type":"LineString","coordinates":[[-74.7474453595895,39.0633749289119],[-74.748843112816,39.0640942945904],[-74.7493182508254,39.0643370526256]]}},{"type":"Feature","id":15789,"properties":{"OBJECTID":15789,"PRIMENAME":"4th Avenue","ELEVTYP_F":0,"ELEVTYP_T":0},"geometry":{"type":"LineString","coordinates":[[-74.7141846474569,39.1131505198542],[-74.7142332580059,39.1131296173722],[-74.7142728679502,39.1131042560068],[-74.7143052695843,39.1130732793886],[-74.7145702035432,39.1127577128089]]}},{"type":"Feature","id":15859,"properties":{"OBJECTID":15859,"PRIMENAME":"Old Avalon Boulevard","ELEVTYP_F":0,"ELEVTYP_T":0},"geometry":{"type":"LineString","coordinates":[[-74.7498750486756,39.1158262849808],[-74.7487974142717,39.1154946750976]]}},{"type":"Feature","id":16061,"properties":{"OBJECTID":16061,"PRIMENAME":"49th Street","ELEVTYP_F":0,"ELEVTYP_T":0},"geometry":{"type":"LineString","coordinates":[[-74.7330943387968,39.0835955475774],[-74.7332596444353,39.0836820941836]]}},{"type":"Feature","id":16884,"properties":{"OBJECTID":16884,"PRIMENAME":"17th Street West","ELEVTYP_F":0,"ELEVTYP_T":0},"geometry":{"type":"LineString","coordinates":[[-74.7159278607285,39.1042617140017],[-74.7165984823565,39.1046030895618],[-74.7179527809346,39.1052958544841]]}},{"type":"Feature","id":17081,"properties":{"OBJECTID":17081,"PRIMENAME":"1st Avenue","ELEVTYP_F":0,"ELEVTYP_T":0},"geometry":{"type":"LineString","coordinates":[[-74.7100986001358,39.1077185229121],[-74.7104756530057,39.1072657208918],[-74.7106384607174,39.1070720139547]]}},{"type":"Feature","id":17340,"properties":{"OBJECTID":17340,"PRIMENAME":"9th Street East","ELEVTYP_F":0,"ELEVTYP_T":0},"geometry":{"type":"LineString","coordinates":[[-74.7066732066002,39.1068906668904],[-74.7078048587267,39.1074632393768]]}},{"type":"Feature","id":18521,"properties":{"OBJECTID":18521,"PRIMENAME":"Avalon Boulevard","ELEVTYP_F":0,"ELEVTYP_T":0},"geometry":{"type":"LineString","coordinates":[[-74.7369808802406,39.1030944794886],[-74.7368288375006,39.1030053765722],[-74.7366947617539,39.102935540352],[-74.7363526470184,39.1027573413022],[-74.7362711780341,39.1027149053274],[-74.7356768256892,39.1024103091091],[-74.7350277039963,39.1020809172138],[-74.7348874735507,39.1020084824511],[-74.7339854341112,39.1015425317329],[-74.7329248669852,39.1010077155598],[-74.7326937526574,39.1008887101485],[-74.7324883882189,39.1007829620657],[-74.7323827328212,39.1007285569664],[-74.7314940338772,39.1002709318304],[-74.7307626712391,39.0998990367234],[-74.7290759325845,39.0990382617889],[-74.7273115519888,39.0981385141387],[-74.725818967546,39.0973738228075],[-74.7256797350902,39.0973024875078],[-74.7253035519191,39.0971081190747],[-74.7249721335497,39.0969368797345]]}},{"type":"Feature","id":19351,"properties":{"OBJECTID":19351,"PRIMENAME":"Ocean Drive","ELEVTYP_F":0,"ELEVTYP_T":0},"geometry":{"type":"LineString","coordinates":[[-74.7137932330226,39.1123640486771],[-74.7139430602392,39.1126675402631]]}},{"type":"Feature","id":19515,"properties":{"OBJECTID":19515,"PRIMENAME":"77th Street","ELEVTYP_F":0,"ELEVTYP_T":0},"geometry":{"type":"LineString","coordinates":[[-74.7484082689654,39.0657106622743],[-74.7495321992958,39.066282301086],[-74.7504197969721,39.0667419966993]]}},{"type":"Feature","id":20568,"properties":{"OBJECTID":20568,"PRIMENAME":"Dune Drive","ELEVTYP_F":0,"ELEVTYP_T":0},"geometry":{"type":"LineString","coordinates":[[-74.7168564178688,39.1029034168097],[-74.7163067838488,39.1035394448591]]}},{"type":"Feature","id":20641,"properties":{"OBJECTID":20641,"PRIMENAME":"29th Street West","ELEVTYP_F":0,"ELEVTYP_T":0},"geometry":{"type":"LineString","coordinates":[[-74.7186190528214,39.0946153969912],[-74.7196493671125,39.0951413124158],[-74.7203692576439,39.0955074510163]]}},{"type":"Feature","id":20791,"properties":{"OBJECTID":20791,"PRIMENAME":"Dune Drive","ELEVTYP_F":0,"ELEVTYP_T":0},"geometry":{"type":"LineString","coordinates":[[-74.7249657622358,39.0932574727594],[-74.7244233628406,39.0939068820167]]}},{"type":"Feature","id":21373,"properties":{"OBJECTID":21373,"PRIMENAME":"15th Street West","ELEVTYP_F":0,"ELEVTYP_T":0},"geometry":{"type":"LineString","coordinates":[[-74.7168737043844,39.1065775697223],[-74.7153504322433,39.1058115720676],[-74.7148338972641,39.1055451948324]]}},{"type":"Feature","id":22424,"properties":{"OBJECTID":22424,"PRIMENAME":"28th Street East","ELEVTYP_F":0,"ELEVTYP_T":0},"geometry":{"type":"LineString","coordinates":[[-74.7180812680011,39.0952520552218],[-74.7169876073504,39.0946911809823]]}},{"type":"Feature","id":23042,"properties":{"OBJECTID":23042,"PRIMENAME":"Ocean Drive","ELEVTYP_F":0,"ELEVTYP_T":0},"geometry":{"type":"LineString","coordinates":[[-74.7168737043844,39.1065775697223],[-74.716601919178,39.1069005955705],[-74.7163333589574,39.1072184520276]]}},{"type":"Feature","id":23808,"properties":{"OBJECTID":23808,"PRIMENAME":"Avalon Avenue","ELEVTYP_F":0,"ELEVTYP_T":0},"geometry":{"type":"LineString","coordinates":[[-74.7180812680011,39.0952520552218],[-74.7177906390691,39.0955960427941],[-74.7175363802909,39.0958970993605]]}},{"type":"Feature","id":23907,"properties":{"OBJECTID":23907,"PRIMENAME":"39th Street","ELEVTYP_F":0,"ELEVTYP_T":0},"geometry":{"type":"LineString","coordinates":[[-74.7316946642357,39.0921035270923],[-74.7300442321701,39.0912585089044],[-74.7299801040444,39.0912254111645],[-74.7299446806713,39.0912106269149],[-74.7298362446486,39.0911720699347]]}},{"type":"Feature","id":24853,"properties":{"OBJECTID":24853,"PRIMENAME":"Dune Drive","ELEVTYP_F":0,"ELEVTYP_T":0},"geometry":{"type":"LineString","coordinates":[[-74.7222535891077,39.0964686090979],[-74.7217315498032,39.0971202458593]]}},{"type":"Feature","id":26284,"properties":{"OBJECTID":26284,"PRIMENAME":"21st Street","ELEVTYP_F":0,"ELEVTYP_T":0},"geometry":{"type":"LineString","coordinates":[[-74.7221467970338,39.1037709447871],[-74.7223044715833,39.1038517818283],[-74.7240975631446,39.1047678049069],[-74.7241801615359,39.1048099030829]]}},{"type":"Feature","id":27742,"properties":{"OBJECTID":27742,"PRIMENAME":"1st Avenue","ELEVTYP_F":0,"ELEVTYP_T":0},"geometry":{"type":"LineString","coordinates":[[-74.7257897374567,39.0890789468109],[-74.7258942334607,39.0889555954735],[-74.7260905138776,39.0887114980961],[-74.7262184967613,39.0885510057009],[-74.7262526849011,39.0885108776497],[-74.7262868462892,39.0884840948377],[-74.7263296470385,39.0884706674694],[-74.7263853250218,39.0884739087425],[-74.726458226805,39.0884971343349],[-74.7264920289481,39.0885152730644]]}},{"type":"Feature","id":28499,"properties":{"OBJECTID":28499,"PRIMENAME":"1st Avenue","ELEVTYP_F":0,"ELEVTYP_T":0},"geometry":{"type":"LineString","coordinates":[[-74.7230830553865,39.0922930324892],[-74.7232738045668,39.0920653703475],[-74.7236243741999,39.0916473644815]]}},{"type":"Feature","id":29843,"properties":{"OBJECTID":29843,"PRIMENAME":"Dune Drive","ELEVTYP_F":0,"ELEVTYP_T":0},"geometry":{"type":"LineString","coordinates":[[-74.7172262349439,39.1021726070074],[-74.7170728058416,39.1024422896727],[-74.7170622952016,39.1025980145684],[-74.7170282274808,39.1026967821373],[-74.7168564178688,39.1029034168097]]}},{"type":"Feature","id":31851,"properties":{"OBJECTID":31851,"PRIMENAME":"66th Street","ELEVTYP_F":0,"ELEVTYP_T":0},"geometry":{"type":"LineString","coordinates":[[-74.7422707558286,39.0726886680211],[-74.7423574186704,39.0727324756737],[-74.7424434819483,39.0727759827224]]}},{"type":"Feature","id":32208,"properties":{"OBJECTID":32208,"PRIMENAME":"1st Avenue","ELEVTYP_F":0,"ELEVTYP_T":0},"geometry":{"type":"LineString","coordinates":[[-74.7095623519564,39.1083625788144],[-74.7100986001358,39.1077185229121]]}},{"type":"Feature","id":35017,"properties":{"OBJECTID":35017,"PRIMENAME":"Ocean Drive","ELEVTYP_F":0,"ELEVTYP_T":0},"geometry":{"type":"LineString","coordinates":[[-74.7336390064454,39.0866505866436],[-74.7334525091155,39.0868708704179],[-74.7330939516759,39.0872994385898]]}},{"type":"Feature","id":36297,"properties":{"OBJECTID":36297,"PRIMENAME":"Dune Drive","ELEVTYP_F":0,"ELEVTYP_T":0},"geometry":{"type":"LineString","coordinates":[[-74.7422707558286,39.0726886680211],[-74.7417297614434,39.0733272015585]]}},{"type":"Feature","id":36413,"properties":{"OBJECTID":36413,"PRIMENAME":"16th Street West","ELEVTYP_F":0,"ELEVTYP_T":0},"geometry":{"type":"LineString","coordinates":[[-74.7133443763269,39.1038609714237],[-74.7120318690679,39.1031895763778],[-74.7115877971819,39.1029628666961]]}},{"type":"Feature","id":37132,"properties":{"OBJECTID":37132,"PRIMENAME":"Ocean Drive","ELEVTYP_F":0,"ELEVTYP_T":0},"geometry":{"type":"LineString","coordinates":[[-74.7352590788276,39.0847290865482],[-74.7348318481806,39.0852389879107],[-74.73471486725,39.0853786039759]]}},{"type":"Feature","id":37401,"properties":{"OBJECTID":37401,"PRIMENAME":"68th Street","ELEVTYP_F":0,"ELEVTYP_T":0},"geometry":{"type":"LineString","coordinates":[[-74.7423755018895,39.0709030457975],[-74.7433660506399,39.0714075837012]]}},{"type":"Feature","id":37488,"properties":{"OBJECTID":37488,"PRIMENAME":"1st Avenue","ELEVTYP_F":0,"ELEVTYP_T":0},"geometry":{"type":"LineString","coordinates":[[-74.7176722848891,39.098726688467],[-74.7182133779512,39.0980786584684]]}},{"type":"Feature","id":39269,"properties":{"OBJECTID":39269,"PRIMENAME":"36th Street","ELEVTYP_F":0,"ELEVTYP_T":0},"geometry":{"type":"LineString","coordinates":[[-74.7262058617128,39.0920518661228],[-74.7280022140147,39.0929633206822],[-74.7282271973992,39.0930854528197]]}},{"type":"Feature","id":40603,"properties":{"OBJECTID":40603,"PRIMENAME":"82nd Street","ELEVTYP_F":0,"ELEVTYP_T":0},"geometry":{"type":"LineString","coordinates":[[-74.7511157441495,39.0625046526055],[-74.7527358923142,39.0633406829102],[-74.7531246285305,39.0635302073537]]}},{"type":"Feature","id":41649,"properties":{"OBJECTID":41649,"PRIMENAME":"33rd Street","ELEVTYP_F":0,"ELEVTYP_T":0},"geometry":{"type":"LineString","coordinates":[[-74.7240319950168,39.0937048858551],[-74.7225438689941,39.0929365516312]]}},{"type":"Feature","id":44891,"properties":{"OBJECTID":44891,"PRIMENAME":"32nd Street","ELEVTYP_F":0,"ELEVTYP_T":0},"geometry":{"type":"LineString","coordinates":[[-74.7260580508135,39.0956600993843],[-74.7247029593922,39.0949618003828],[-74.7240251935682,39.0946177378595]]}},{"type":"Feature","id":44912,"properties":{"OBJECTID":44912,"PRIMENAME":"Ocean Drive","ELEVTYP_F":0,"ELEVTYP_T":0},"geometry":{"type":"LineString","coordinates":[[-74.7282271973992,39.0930854528197],[-74.7276806346681,39.0937343367494]]}},{"type":"Feature","id":45892,"properties":{"OBJECTID":45892,"PRIMENAME":"36th Street","ELEVTYP_F":0,"ELEVTYP_T":0},"geometry":{"type":"LineString","coordinates":[[-74.7260263674402,39.0919608058831],[-74.7261183381447,39.0920074438246],[-74.7262058617128,39.0920518661228]]}},{"type":"Feature","id":45983,"properties":{"OBJECTID":45983,"PRIMENAME":"34th Street","ELEVTYP_F":0,"ELEVTYP_T":0},"geometry":{"type":"LineString","coordinates":[[-74.725121229736,39.0933377068465],[-74.7271402868954,39.0943795268783]]}},{"type":"Feature","id":49220,"properties":{"OBJECTID":49220,"PRIMENAME":"15th Street West","ELEVTYP_F":0,"ELEVTYP_T":0},"geometry":{"type":"LineString","coordinates":[[-74.7146864976451,39.1054691609345],[-74.7133898142661,39.104800415169],[-74.7128048995238,39.1045018919483]]}},{"type":"Feature","id":49592,"properties":{"OBJECTID":49592,"PRIMENAME":"Dune Drive","ELEVTYP_F":0,"ELEVTYP_T":0},"geometry":{"type":"LineString","coordinates":[[-74.743903721276,39.0707537006146],[-74.7433660506399,39.0714075837012]]}},{"type":"Feature","id":50245,"properties":{"OBJECTID":50245,"PRIMENAME":"43rd Street","ELEVTYP_F":0,"ELEVTYP_T":0},"geometry":{"type":"LineString","coordinates":[[-74.7299989651189,39.0875514159081],[-74.7302440129046,39.0876830870484],[-74.7305450190715,39.087838618671],[-74.7320139270422,39.0885870097484]]}},{"type":"Feature","id":50705,"properties":{"OBJECTID":50705,"PRIMENAME":"55th Street","ELEVTYP_F":0,"ELEVTYP_T":0},"geometry":{"type":"LineString","coordinates":[[-74.736335463145,39.0797563533946],[-74.7364984661446,39.0798405110801]]}},{"type":"Feature","id":50719,"properties":{"OBJECTID":50719,"PRIMENAME":"70th Street","ELEVTYP_F":0,"ELEVTYP_T":0},"geometry":{"type":"LineString","coordinates":[[-74.744616062261,39.0702032395975],[-74.7451879152447,39.0704961968685],[-74.7466298570231,39.0712373786634]]}},{"type":"Feature","id":50852,"properties":{"OBJECTID":50852,"PRIMENAME":"65th Street","ELEVTYP_F":0,"ELEVTYP_T":0},"geometry":{"type":"LineString","coordinates":[[-74.7439260175379,39.0744472541362],[-74.7420930118383,39.0735141784549],[-74.7419068700667,39.073418351897]]}},{"type":"Feature","id":51320,"properties":{"OBJECTID":51320,"PRIMENAME":"Ocean Drive","ELEVTYP_F":0,"ELEVTYP_T":0},"geometry":{"type":"LineString","coordinates":[[-74.7244260180019,39.0975789097316],[-74.7238889045538,39.0982290481833]]}},{"type":"Feature","id":51493,"properties":{"OBJECTID":51493,"PRIMENAME":"4th Avenue","ELEVTYP_F":0,"ELEVTYP_T":0},"geometry":{"type":"LineString","coordinates":[[-74.7329625991708,39.0909176722305],[-74.7324269871717,39.0915567275365]]}},{"type":"Feature","id":51682,"properties":{"OBJECTID":51682,"PRIMENAME":"46th Street","ELEVTYP_F":0,"ELEVTYP_T":0},"geometry":{"type":"LineString","coordinates":[[-74.7316209647394,39.0856115664592],[-74.7314614492747,39.0855294265422]]}},{"type":"Feature","id":53949,"properties":{"OBJECTID":53949,"PRIMENAME":"Dune Drive","ELEVTYP_F":0,"ELEVTYP_T":0},"geometry":{"type":"LineString","coordinates":[[-74.7146864976451,39.1054691609345],[-74.71413422418,39.1061083255168]]}},{"type":"Feature","id":54049,"properties":{"OBJECTID":54049,"PRIMENAME":"26th Street East","ELEVTYP_F":0,"ELEVTYP_T":0},"geometry":{"type":"LineString","coordinates":[[-74.7169945379423,39.096538675962],[-74.7164631087108,39.0962674181466],[-74.7155855374596,39.0958174429287]]}},{"type":"Feature","id":54451,"properties":{"OBJECTID":54451,"PRIMENAME":"76th Street","ELEVTYP_F":0,"ELEVTYP_T":0},"geometry":{"type":"LineString","coordinates":[[-74.7478675679337,39.066351558418],[-74.7477741337168,39.0663039252524],[-74.7476862388901,39.0662591080258]]}},{"type":"Feature","id":55170,"properties":{"OBJECTID":55170,"PRIMENAME":"20th Street","ELEVTYP_F":0,"ELEVTYP_T":0},"geometry":{"type":"LineString","coordinates":[[-74.7236443558903,39.1054462262454],[-74.7222189332155,39.104724502654],[-74.7216116697827,39.1044131048434]]}},{"type":"Feature","id":55175,"properties":{"OBJECTID":55175,"PRIMENAME":"13th Street West","ELEVTYP_F":0,"ELEVTYP_T":0},"geometry":{"type":"LineString","coordinates":[[-74.7135936698589,39.1067456543475],[-74.7136783110591,39.1067889651484],[-74.7137610114505,39.1068312632898]]}},{"type":"Feature","id":56474,"properties":{"OBJECTID":56474,"PRIMENAME":"11th Street East","ELEVTYP_F":0,"ELEVTYP_T":0},"geometry":{"type":"LineString","coordinates":[[-74.7072301801206,39.1053280646902],[-74.7088883911871,39.1061741041649]]}},{"type":"Feature","id":56685,"properties":{"OBJECTID":56685,"PRIMENAME":"Dune Drive","ELEVTYP_F":0,"ELEVTYP_T":0},"geometry":{"type":"LineString","coordinates":[[-74.7177766392329,39.1015375252503],[-74.717694112398,39.1016327495143]]}},{"type":"Feature","id":56742,"properties":{"OBJECTID":56742,"PRIMENAME":"Ocean Drive","ELEVTYP_F":0,"ELEVTYP_T":0},"geometry":{"type":"LineString","coordinates":[[-74.7314729796324,39.0892294758477],[-74.7311781611589,39.0895795185473],[-74.7309318092788,39.0898718019882]]}},{"type":"Feature","id":57965,"properties":{"OBJECTID":57965,"PRIMENAME":"1st Avenue","ELEVTYP_F":0,"ELEVTYP_T":0},"geometry":{"type":"LineString","coordinates":[[-74.7236243741999,39.0916473644815],[-74.7241594005168,39.0910093947514]]}},{"type":"Feature","id":58203,"properties":{"OBJECTID":58203,"PRIMENAME":"Ocean Drive","ELEVTYP_F":0,"ELEVTYP_T":0},"geometry":{"type":"LineString","coordinates":[[-74.7174191980987,39.1059292063217],[-74.7168737043844,39.1065775697223]]}},{"type":"Feature","id":59233,"properties":{"OBJECTID":59233,"PRIMENAME":"69th Street","ELEVTYP_F":0,"ELEVTYP_T":0},"geometry":{"type":"LineString","coordinates":[[-74.7440745805743,39.0708416753599],[-74.7439872099892,39.0707966894305],[-74.743903721276,39.0707537006146]]}},{"type":"Feature","id":60408,"properties":{"OBJECTID":60408,"PRIMENAME":"9th Street West","ELEVTYP_F":0,"ELEVTYP_T":0},"geometry":{"type":"LineString","coordinates":[[-74.7078048587267,39.1074632393768],[-74.7081572801607,39.1076415262225],[-74.7095623519564,39.1083625788144]]}},{"type":"Feature","id":60847,"properties":{"OBJECTID":60847,"PRIMENAME":"38th Street","ELEVTYP_F":0,"ELEVTYP_T":0},"geometry":{"type":"LineString","coordinates":[[-74.7252391695587,39.0897288986004],[-74.7270364932359,39.0906360839566],[-74.727110854489,39.0906742432823]]}},{"type":"Feature","id":61068,"properties":{"OBJECTID":61068,"PRIMENAME":"Dune Drive","ELEVTYP_F":0,"ELEVTYP_T":0},"geometry":{"type":"LineString","coordinates":[[-74.7319915225458,39.084899145942],[-74.7314614492747,39.0855294265422]]}},{"type":"Feature","id":61618,"properties":{"OBJECTID":61618,"PRIMENAME":"Dune Drive","ELEVTYP_F":0,"ELEVTYP_T":0},"geometry":{"type":"LineString","coordinates":[[-74.7347088333758,39.081675959817],[-74.7341544179207,39.0823349409137]]}},{"type":"Feature","id":62328,"properties":{"OBJECTID":62328,"PRIMENAME":"41st Street","ELEVTYP_F":0,"ELEVTYP_T":0},"geometry":{"type":"LineString","coordinates":[[-74.7309318092788,39.0898718019882],[-74.7294196486896,39.0890997866057],[-74.7289162636997,39.0888469812281]]}},{"type":"Feature","id":63554,"properties":{"OBJECTID":63554,"PRIMENAME":"Ocean Drive","ELEVTYP_F":0,"ELEVTYP_T":0},"geometry":{"type":"LineString","coordinates":[[-74.7504197969721,39.0667419966993],[-74.7499867349586,39.0672499387238],[-74.7498783522668,39.0673787849365]]}},{"type":"Feature","id":64042,"properties":{"OBJECTID":64042,"PRIMENAME":"33rd Street","ELEVTYP_F":0,"ELEVTYP_T":0},"geometry":{"type":"LineString","coordinates":[[-74.7225438689941,39.0929365516312],[-74.7221973321155,39.092757610125],[-74.7211279180863,39.0922298137795]]}},{"type":"Feature","id":64069,"properties":{"OBJECTID":64069,"PRIMENAME":"Sunrise Drive","ELEVTYP_F":0,"ELEVTYP_T":0},"geometry":{"type":"LineString","coordinates":[[-74.7256817627862,39.1064933326271],[-74.7253710094905,39.1063415977258]]}},{"type":"Feature","id":64569,"properties":{"OBJECTID":64569,"PRIMENAME":"2nd Avenue","ELEVTYP_F":0,"ELEVTYP_T":0},"geometry":{"type":"LineString","coordinates":[[-74.7503862619706,39.0630519773675],[-74.7498530388308,39.063703182589]]}},{"type":"Feature","id":64778,"properties":{"OBJECTID":64778,"PRIMENAME":"6th Avenue","ELEVTYP_F":0,"ELEVTYP_T":0},"geometry":{"type":"LineString","coordinates":[[-74.7262178174251,39.1058499163773],[-74.7264871212586,39.1055266540159]]}},{"type":"Feature","id":66065,"properties":{"OBJECTID":66065,"PRIMENAME":"42nd Street","ELEVTYP_F":0,"ELEVTYP_T":0},"geometry":{"type":"LineString","coordinates":[[-74.7294602842332,39.0881898865652],[-74.7314729796324,39.0892294758477]]}},{"type":"Feature","id":66374,"properties":{"OBJECTID":66374,"PRIMENAME":"Sunset Drive","ELEVTYP_F":0,"ELEVTYP_T":0},"geometry":{"type":"LineString","coordinates":[[-74.7522516877971,39.0667571043595],[-74.7522129616529,39.0668414566475],[-74.752141442992,39.0670046297249],[-74.7520236218219,39.0673309221443],[-74.7519508658002,39.0675230385786]]}},{"type":"Feature","id":66379,"properties":{"OBJECTID":66379,"PRIMENAME":"84th Street","ELEVTYP_F":0,"ELEVTYP_T":0},"geometry":{"type":"LineString","coordinates":[[-74.7542003553369,39.0622488422997],[-74.7540223447221,39.0621579592421],[-74.7535641205129,39.0619229011272],[-74.752726769327,39.0614933501088]]}},{"type":"Feature","id":66692,"properties":{"OBJECTID":66692,"PRIMENAME":"18th Street West","ELEVTYP_F":0,"ELEVTYP_T":0},"geometry":{"type":"LineString","coordinates":[[-74.7164655789434,39.103620425558],[-74.7163839394673,39.1035787867616],[-74.7163067838488,39.1035394448591]]}},{"type":"Feature","id":67013,"properties":{"OBJECTID":67013,"PRIMENAME":"8th Street","ELEVTYP_F":0,"ELEVTYP_T":0},"geometry":{"type":"LineString","coordinates":[[-74.7141259135035,39.1116133515449],[-74.7147382747599,39.1119173303423]]}},{"type":"Feature","id":67463,"properties":{"OBJECTID":67463,"PRIMENAME":"48th Street","ELEVTYP_F":0,"ELEVTYP_T":0},"geometry":{"type":"LineString","coordinates":[[-74.73471486725,39.0853786039759],[-74.7327080858979,39.0843399634537]]}},{"type":"Feature","id":67697,"properties":{"OBJECTID":67697,"PRIMENAME":"13th Street East","ELEVTYP_F":0,"ELEVTYP_T":0},"geometry":{"type":"LineString","coordinates":[[-74.7083260395359,39.1040439372721],[-74.7099637236415,39.1048903829944]]}},{"type":"Feature","id":67702,"properties":{"OBJECTID":67702,"PRIMENAME":"3rd Avenue","ELEVTYP_F":0,"ELEVTYP_T":0},"geometry":{"type":"LineString","coordinates":[[-74.7125398041414,39.1117258591416],[-74.7121020287068,39.1122425345305],[-74.711997722111,39.1123663393643]]}},{"type":"Feature","id":67717,"properties":{"OBJECTID":67717,"PRIMENAME":"68th Street","ELEVTYP_F":0,"ELEVTYP_T":0},"geometry":{"type":"LineString","coordinates":[[-74.7433660506399,39.0714075837012],[-74.7434403635345,39.0714454301658],[-74.7435294972045,39.0714908245072]]}},{"type":"Feature","id":67734,"properties":{"OBJECTID":67734,"PRIMENAME":"45th Street","ELEVTYP_F":0,"ELEVTYP_T":0},"geometry":{"type":"LineString","coordinates":[[-74.7309008641923,39.0861836538574],[-74.7310677167442,39.08626855281]]}},{"type":"Feature","id":68080,"properties":{"OBJECTID":68080,"PRIMENAME":"60th Street","ELEVTYP_F":0,"ELEVTYP_T":0},"geometry":{"type":"LineString","coordinates":[[-74.7419290970759,39.0780296895378],[-74.7412148003014,39.0776625452439]]}},{"type":"Feature","id":68222,"properties":{"OBJECTID":68222,"PRIMENAME":"1st Avenue","ELEVTYP_F":0,"ELEVTYP_T":0},"geometry":{"type":"LineString","coordinates":[[-74.7084875424357,39.1096525555267],[-74.7090251104153,39.1090075411223]]}},{"type":"Feature","id":68248,"properties":{"OBJECTID":68248,"PRIMENAME":"15th Street West","ELEVTYP_F":0,"ELEVTYP_T":0},"geometry":{"type":"LineString","coordinates":[[-74.7148338972641,39.1055451948324],[-74.7147605153357,39.1055073556892],[-74.7146864976451,39.1054691609345]]}},{"type":"Feature","id":68251,"properties":{"OBJECTID":68251,"PRIMENAME":"32nd Street","ELEVTYP_F":0,"ELEVTYP_T":0},"geometry":{"type":"LineString","coordinates":[[-74.7220013730621,39.0935839733972],[-74.7216792259438,39.0934189326879],[-74.7203859736857,39.0927608551712],[-74.7203318092854,39.0927356968089],[-74.7202921078944,39.0927273146478],[-74.7202596208277,39.0927273760229],[-74.720223584388,39.0927302718604],[-74.7201695862847,39.0927697211552]]}},{"type":"Feature","id":68253,"properties":{"OBJECTID":68253,"PRIMENAME":"Railroad Avenue","ELEVTYP_F":0,"ELEVTYP_T":0},"geometry":{"type":"LineString","coordinates":[[-74.7240319950168,39.0937048858551],[-74.7234726518261,39.0943372719279]]}},{"type":"Feature","id":69437,"properties":{"OBJECTID":69437,"PRIMENAME":"75th Street","ELEVTYP_F":0,"ELEVTYP_T":0},"geometry":{"type":"LineString","coordinates":[[-74.7473210355821,39.0669895537046],[-74.7475268244293,39.0670960114552],[-74.74921720407,39.0679636832881],[-74.7493353787213,39.0680242499873]]}},{"type":"Feature","id":69531,"properties":{"OBJECTID":69531,"PRIMENAME":"Greenan Road","ELEVTYP_F":0,"ELEVTYP_T":0},"geometry":{"type":"LineString","coordinates":[[-74.7446424904465,39.0743685411813],[-74.7439459944593,39.0752157357113],[-74.7438879122524,39.075278763711],[-74.7438431641945,39.075296320311]]}},{"type":"Feature","id":69676,"properties":{"OBJECTID":69676,"PRIMENAME":"72nd Street","ELEVTYP_F":0,"ELEVTYP_T":0},"geometry":{"type":"LineString","coordinates":[[-74.7463445742628,39.0692514739325],[-74.7456946394026,39.0689185979333]]}},{"type":"Feature","id":70481,"properties":{"OBJECTID":70481,"PRIMENAME":"33rd Street","ELEVTYP_F":0,"ELEVTYP_T":0},"geometry":{"type":"LineString","coordinates":[[-74.7266017767801,39.0950186148225],[-74.7262423027447,39.0948442958891],[-74.7247431234451,39.0940719755745],[-74.724585007649,39.0939903452746]]}},{"type":"Feature","id":70838,"properties":{"OBJECTID":70838,"PRIMENAME":"76th Street","ELEVTYP_F":0,"ELEVTYP_T":0},"geometry":{"type":"LineString","coordinates":[[-74.7498783522668,39.0673787849365],[-74.7495065390033,39.0671873740627],[-74.7478675679337,39.066351558418]]}},{"type":"Feature","id":71271,"properties":{"OBJECTID":71271,"PRIMENAME":"Ocean Drive","ELEVTYP_F":0,"ELEVTYP_T":0},"geometry":{"type":"LineString","coordinates":[[-74.7179527809346,39.1052958544841],[-74.7176905886358,39.105606590946],[-74.7174191980987,39.1059292063217]]}},{"type":"Feature","id":71300,"properties":{"OBJECTID":71300,"PRIMENAME":"14th Street West","ELEVTYP_F":0,"ELEVTYP_T":0},"geometry":{"type":"LineString","coordinates":[[-74.7143015573472,39.1061914356579],[-74.71413422418,39.1061083255168]]}},{"type":"Feature","id":72310,"properties":{"OBJECTID":72310,"PRIMENAME":"66th Street","ELEVTYP_F":0,"ELEVTYP_T":0},"geometry":{"type":"LineString","coordinates":[[-74.7424434819483,39.0727759827224],[-74.7428084138556,39.0729605378264],[-74.7444691314756,39.0738036261946]]}},{"type":"Feature","id":73006,"properties":{"OBJECTID":73006,"PRIMENAME":"62nd Street","ELEVTYP_F":0,"ELEVTYP_T":0},"geometry":{"type":"LineString","coordinates":[[-74.7430590141976,39.0767517497825],[-74.7423045543233,39.076371049677]]}},{"type":"Feature","id":73073,"properties":{"OBJECTID":73073,"PRIMENAME":"80th Street","ELEVTYP_F":0,"ELEVTYP_T":0},"geometry":{"type":"LineString","coordinates":[[-74.7480121569648,39.0627083883633],[-74.7480122025997,39.0627214308315],[-74.7480290344659,39.0627506646845],[-74.7480667280771,39.0627832044378]]}},{"type":"Feature","id":73089,"properties":{"OBJECTID":73089,"PRIMENAME":"17th Street West","ELEVTYP_F":0,"ELEVTYP_T":0},"geometry":{"type":"LineString","coordinates":[[-74.7138850274852,39.1032159004835],[-74.7147667827563,39.1036706852682],[-74.715767512346,39.1041800760341]]}},{"type":"Feature","id":73290,"properties":{"OBJECTID":73290,"PRIMENAME":"Dune Drive","ELEVTYP_F":0,"ELEVTYP_T":0},"geometry":{"type":"LineString","coordinates":[[-74.7449859549632,39.069471310088],[-74.7444501463862,39.0701182479063]]}},{"type":"Feature","id":73297,"properties":{"OBJECTID":73297,"PRIMENAME":"18th Street West","ELEVTYP_F":0,"ELEVTYP_T":0},"geometry":{"type":"LineString","coordinates":[[-74.718495205727,39.104653011158],[-74.7166230321198,39.1037006671343],[-74.7164655789434,39.103620425558]]}},{"type":"Feature","id":73411,"properties":{"OBJECTID":73411,"PRIMENAME":"67th Street","ELEVTYP_F":0,"ELEVTYP_T":0},"geometry":{"type":"LineString","coordinates":[[-74.7428199659021,39.0720452267808],[-74.7426076825329,39.0719369627194],[-74.7418845957617,39.0715680278522]]}},{"type":"Feature","id":73467,"properties":{"OBJECTID":73467,"PRIMENAME":"21st Street West","ELEVTYP_F":0,"ELEVTYP_T":0},"geometry":{"type":"LineString","coordinates":[[-74.7160456072003,39.1006502308703],[-74.7166480518031,39.1009601561607],[-74.7177766392329,39.1015375252503]]}},{"type":"Feature","id":73908,"properties":{"OBJECTID":73908,"PRIMENAME":"1st Avenue","ELEVTYP_F":0,"ELEVTYP_T":0},"geometry":{"type":"LineString","coordinates":[[-74.712260315066,39.1051462226183],[-74.7128048995238,39.1045018919483]]}},{"type":"Feature","id":74033,"properties":{"OBJECTID":74033,"PRIMENAME":"Leanord Lane","ELEVTYP_F":0,"ELEVTYP_T":0},"geometry":{"type":"LineString","coordinates":[[-74.7493332156199,39.1148001654616],[-74.7492043416311,39.1149060985455],[-74.7491193444406,39.1150208615119],[-74.7490644264006,39.1150997830583]]}},{"type":"Feature","id":74072,"properties":{"OBJECTID":74072,"PRIMENAME":"78th Street","ELEVTYP_F":0,"ELEVTYP_T":0},"geometry":{"type":"LineString","coordinates":[[-74.7509602785476,39.066094416638],[-74.750735295272,39.0659790003682],[-74.7494711713067,39.0653352381739],[-74.7489351619145,39.0650619132723]]}},{"type":"Feature","id":74077,"properties":{"OBJECTID":74077,"PRIMENAME":"Inlet Drive East","ELEVTYP_F":0,"ELEVTYP_T":0},"geometry":{"type":"LineString","coordinates":[[-74.7139430602392,39.1126675402631],[-74.7137016858865,39.1127202627175],[-74.7135899631151,39.1127569868902],[-74.7134854842613,39.1127993261812],[-74.7134414585845,39.1128328777564],[-74.7134098294391,39.1128635788645],[-74.7133092717553,39.1129907831951],[-74.7129811588304,39.1133608005151]]}},{"type":"Feature","id":74690,"properties":{"OBJECTID":74690,"PRIMENAME":"70th Street","ELEVTYP_F":0,"ELEVTYP_T":0},"geometry":{"type":"LineString","coordinates":[[-74.7444501463862,39.0701182479063],[-74.7445265767913,39.0701574351234],[-74.744616062261,39.0702032395975]]}},{"type":"Feature","id":75811,"properties":{"OBJECTID":75811,"PRIMENAME":"82nd Street","ELEVTYP_F":0,"ELEVTYP_T":0},"geometry":{"type":"LineString","coordinates":[[-74.7509332522025,39.0624104791581],[-74.7511157441495,39.0625046526055]]}},{"type":"Feature","id":77717,"properties":{"OBJECTID":77717,"PRIMENAME":"1st Avenue","ELEVTYP_F":0,"ELEVTYP_T":0},"geometry":{"type":"LineString","coordinates":[[-74.7138850274852,39.1032159004835],[-74.7141730644749,39.102872230495],[-74.7144223054181,39.1025769021932]]}},{"type":"Feature","id":77800,"properties":{"OBJECTID":77800,"PRIMENAME":"79th Street","ELEVTYP_F":0,"ELEVTYP_T":0},"geometry":{"type":"LineString","coordinates":[[-74.7493182508254,39.0643370526256],[-74.7493924544843,39.0643749505334],[-74.7494836291098,39.064421544065]]}},{"type":"Feature","id":77806,"properties":{"OBJECTID":77806,"PRIMENAME":"Dune Drive","ELEVTYP_F":0,"ELEVTYP_T":0},"geometry":{"type":"LineString","coordinates":[[-74.7428199659021,39.0720452267808],[-74.7422707558286,39.0726886680211]]}},{"type":"Feature","id":78366,"properties":{"OBJECTID":78366,"PRIMENAME":"11th Street West","ELEVTYP_F":0,"ELEVTYP_T":0},"geometry":{"type":"LineString","coordinates":[[-74.7106384607174,39.1070720139547],[-74.7109442688517,39.1072293985524],[-74.7125148029015,39.1080249116607]]}},{"type":"Feature","id":79447,"properties":{"OBJECTID":79447,"PRIMENAME":"Old Avalon Boulevard","ELEVTYP_F":0,"ELEVTYP_T":0},"geometry":{"type":"LineString","coordinates":[[-74.7345157521492,39.1110286877959],[-74.7344309181834,39.1109859691022],[-74.7342102963029,39.1108710077565],[-74.7340378098756,39.1107746473448]]}},{"type":"Feature","id":79531,"properties":{"OBJECTID":79531,"PRIMENAME":"21st Street","ELEVTYP_F":0,"ELEVTYP_T":0},"geometry":{"type":"LineString","coordinates":[[-74.7211604517534,39.1032652056082],[-74.7221467970338,39.1037709447871]]}},{"type":"Feature","id":80357,"properties":{"OBJECTID":80357,"PRIMENAME":"59th Street","ELEVTYP_F":0,"ELEVTYP_T":0},"geometry":{"type":"LineString","coordinates":[[-74.7384790631214,39.077183263459],[-74.7385704580409,39.0772293433665],[-74.7386584643829,39.0772737005015]]}},{"type":"Feature","id":81351,"properties":{"OBJECTID":81351,"PRIMENAME":"58th Street","ELEVTYP_F":0,"ELEVTYP_T":0},"geometry":{"type":"LineString","coordinates":[[-74.7381232054003,39.0779090476528],[-74.7380351910788,39.077862795644],[-74.7379552237583,39.0778208106983]]}},{"type":"Feature","id":81478,"properties":{"OBJECTID":81478,"PRIMENAME":"78th Street","ELEVTYP_F":0,"ELEVTYP_T":0},"geometry":{"type":"LineString","coordinates":[[-74.7522516877971,39.0667571043595],[-74.7509602785476,39.066094416638]]}},{"type":"Feature","id":82165,"properties":{"OBJECTID":82165,"PRIMENAME":"35th Street","ELEVTYP_F":0,"ELEVTYP_T":0},"geometry":{"type":"LineString","coordinates":[[-74.7254901729685,39.0926053490158],[-74.7252216903288,39.0924638003232],[-74.7236243741999,39.0916473644815]]}},{"type":"Feature","id":82935,"properties":{"OBJECTID":82935,"PRIMENAME":"35th Street","ELEVTYP_F":0,"ELEVTYP_T":0},"geometry":{"type":"LineString","coordinates":[[-74.7256646333242,39.0926973530931],[-74.7255775264231,39.0926514197638],[-74.7254901729685,39.0926053490158]]}},{"type":"Feature","id":83605,"properties":{"OBJECTID":83605,"PRIMENAME":"Avalon Avenue","ELEVTYP_F":0,"ELEVTYP_T":0},"geometry":{"type":"LineString","coordinates":[[-74.7099637236415,39.1048903829944],[-74.709426676429,39.1055315293659]]}},{"type":"Feature","id":83775,"properties":{"OBJECTID":83775,"PRIMENAME":"Avalon Avenue","ELEVTYP_F":0,"ELEVTYP_T":0},"geometry":{"type":"LineString","coordinates":[[-74.7159156945028,39.0978241177346],[-74.7156127653847,39.0981858593409],[-74.7153759792905,39.0984680978671]]}},{"type":"Feature","id":84569,"properties":{"OBJECTID":84569,"PRIMENAME":"68th Street","ELEVTYP_F":0,"ELEVTYP_T":0},"geometry":{"type":"LineString","coordinates":[[-74.7435294972045,39.0714908245072],[-74.7439608385727,39.0717105210447],[-74.7455469722653,39.0725241239313]]}},{"type":"Feature","id":85041,"properties":{"OBJECTID":85041,"PRIMENAME":"Avalon Avenue","ELEVTYP_F":0,"ELEVTYP_T":0},"geometry":{"type":"LineString","coordinates":[[-74.7201695862847,39.0927697211552],[-74.7200438370523,39.0929189176554],[-74.719697417568,39.0933319898357]]}},{"type":"Feature","id":85139,"properties":{"OBJECTID":85139,"PRIMENAME":"58th Street","ELEVTYP_F":0,"ELEVTYP_T":0},"geometry":{"type":"LineString","coordinates":[[-74.7379552237583,39.0778208106983],[-74.7376130179836,39.0776411372415],[-74.7370222052316,39.0773327501571]]}},{"type":"Feature","id":85716,"properties":{"OBJECTID":85716,"PRIMENAME":"Dune Drive","ELEVTYP_F":0,"ELEVTYP_T":0},"geometry":{"type":"LineString","coordinates":[[-74.717694112398,39.1016327495143],[-74.7172262349439,39.1021726070074]]}},{"type":"Feature","id":85927,"properties":{"OBJECTID":85927,"PRIMENAME":"Avalon Avenue","ELEVTYP_F":0,"ELEVTYP_T":0},"geometry":{"type":"LineString","coordinates":[[-74.7148382197368,39.0991090521904],[-74.7145381921117,39.0994666678089],[-74.7142968620902,39.0997523717102]]}},{"type":"Feature","id":86048,"properties":{"OBJECTID":86048,"PRIMENAME":"Dune Drive","ELEVTYP_F":0,"ELEVTYP_T":0},"geometry":{"type":"LineString","coordinates":[[-74.7482283886759,39.0656191708388],[-74.7476862388901,39.0662591080258]]}},{"type":"Feature","id":86744,"properties":{"OBJECTID":86744,"PRIMENAME":"77th Street","ELEVTYP_F":0,"ELEVTYP_T":0},"geometry":{"type":"LineString","coordinates":[[-74.746761954571,39.0648660054895],[-74.7481344265206,39.0655713742227],[-74.7482283886759,39.0656191708388]]}},{"type":"Feature","id":87081,"properties":{"OBJECTID":87081,"PRIMENAME":"33rd Street","ELEVTYP_F":0,"ELEVTYP_T":0},"geometry":{"type":"LineString","coordinates":[[-74.724585007649,39.0939903452746],[-74.7244933499423,39.0939430199918],[-74.7244233628406,39.0939068820167]]}},{"type":"Feature","id":88514,"properties":{"OBJECTID":88514,"PRIMENAME":"16th Street East","ELEVTYP_F":0,"ELEVTYP_T":0},"geometry":{"type":"LineString","coordinates":[[-74.7115877971819,39.1029628666961],[-74.709938628105,39.1021208585033]]}},{"type":"Feature","id":88590,"properties":{"OBJECTID":88590,"PRIMENAME":"17th Street West","ELEVTYP_F":0,"ELEVTYP_T":0},"geometry":{"type":"LineString","coordinates":[[-74.712133909212,39.102314444503],[-74.7127359600326,39.1026231826013],[-74.7138850274852,39.1032159004835]]}},{"type":"Feature","id":89075,"properties":{"OBJECTID":89075,"PRIMENAME":"Dune Drive","ELEVTYP_F":0,"ELEVTYP_T":0},"geometry":{"type":"LineString","coordinates":[[-74.727110854489,39.0906742432823],[-74.7265690751856,39.091318005125]]}},{"type":"Feature","id":89107,"properties":{"OBJECTID":89107,"PRIMENAME":"34th Street","ELEVTYP_F":0,"ELEVTYP_T":0},"geometry":{"type":"LineString","coordinates":[[-74.7230830553865,39.0922930324892],[-74.7241688444248,39.0928462869598],[-74.7249657622358,39.0932574727594]]}},{"type":"Feature","id":89245,"properties":{"OBJECTID":89245,"PRIMENAME":"Harbor Avenue","ELEVTYP_F":0,"ELEVTYP_T":0},"geometry":{"type":"LineString","coordinates":[[-74.7208906289762,39.103585437147],[-74.7211307139077,39.1033004356317],[-74.7211604517534,39.1032652056082]]}},{"type":"Feature","id":89630,"properties":{"OBJECTID":89630,"PRIMENAME":"21st Street","ELEVTYP_F":0,"ELEVTYP_T":0},"geometry":{"type":"LineString","coordinates":[[-74.7241801615359,39.1048099030829],[-74.726003301597,39.1057398974978],[-74.7262178174251,39.1058499163773]]}},{"type":"Feature","id":89700,"properties":{"OBJECTID":89700,"PRIMENAME":"29th Street West","ELEVTYP_F":0,"ELEVTYP_T":0},"geometry":{"type":"LineString","coordinates":[[-74.7203692576439,39.0955074510163],[-74.7216695480478,39.0961687265053],[-74.7222535891077,39.0964686090979]]}},{"type":"Feature","id":89816,"properties":{"OBJECTID":89816,"PRIMENAME":"60th Street","ELEVTYP_F":0,"ELEVTYP_T":0},"geometry":{"type":"LineString","coordinates":[[-74.7392014423597,39.0766318821974],[-74.7391131522573,39.0765868675258],[-74.7390147691608,39.0765367115927]]}},{"type":"Feature","id":89824,"properties":{"OBJECTID":89824,"PRIMENAME":"36th Street","ELEVTYP_F":0,"ELEVTYP_T":0},"geometry":{"type":"LineString","coordinates":[[-74.7241594005168,39.0910093947514],[-74.7255935479563,39.0917412115536],[-74.7260263674402,39.0919608058831]]}},{"type":"Feature","id":90429,"properties":{"OBJECTID":90429,"PRIMENAME":"21st Street","ELEVTYP_F":0,"ELEVTYP_T":0},"geometry":{"type":"LineString","coordinates":[[-74.7262178174251,39.1058499163773],[-74.7278809749903,39.1067026222468],[-74.7281138280102,39.1068210084786],[-74.7282483767549,39.1068894140412]]}},{"type":"Feature","id":90875,"properties":{"OBJECTID":90875,"PRIMENAME":"1st Avenue","ELEVTYP_F":0,"ELEVTYP_T":0},"geometry":{"type":"LineString","coordinates":[[-74.7198394135025,39.0961452003765],[-74.7203692576439,39.0955074510163]]}},{"type":"Feature","id":91148,"properties":{"OBJECTID":91148,"PRIMENAME":"Dune Drive","ELEVTYP_F":0,"ELEVTYP_T":0},"geometry":{"type":"LineString","coordinates":[[-74.7108920628691,39.1099572140626],[-74.7104115602346,39.1105295905611],[-74.7104368651101,39.1106479432286]]}},{"type":"Feature","id":91260,"properties":{"OBJECTID":91260,"PRIMENAME":"Dune Drive","ELEVTYP_F":0,"ELEVTYP_T":0},"geometry":{"type":"LineString","coordinates":[[-74.7292922949212,39.088103148042],[-74.7287377646455,39.0887573248768]]}},{"type":"Feature","id":91942,"properties":{"OBJECTID":91942,"PRIMENAME":"21st Street","ELEVTYP_F":0,"ELEVTYP_T":0},"geometry":{"type":"LineString","coordinates":[[-74.7297611107531,39.1079959875258],[-74.7304000276301,39.1086241990356],[-74.730919504371,39.1091297959849]]}},{"type":"Feature","id":92607,"properties":{"OBJECTID":92607,"PRIMENAME":"Evans Road","ELEVTYP_F":0,"ELEVTYP_T":0},"geometry":{"type":"LineString","coordinates":[[-74.7208906289762,39.103585437147],[-74.7218789541211,39.1040923549214]]}},{"type":"Feature","id":92748,"properties":{"OBJECTID":92748,"PRIMENAME":"26th Street West","ELEVTYP_F":0,"ELEVTYP_T":0},"geometry":{"type":"LineString","coordinates":[[-74.7187525020383,39.0974352698641],[-74.7182958823465,39.0972027607235],[-74.7169945379423,39.096538675962]]}},{"type":"Feature","id":92760,"properties":{"OBJECTID":92760,"PRIMENAME":"Dune Drive","ELEVTYP_F":0,"ELEVTYP_T":0},"geometry":{"type":"LineString","coordinates":[[-74.7211901379961,39.0977660965881],[-74.720658103511,39.0984055291651]]}},{"type":"Feature","id":93785,"properties":{"OBJECTID":93785,"PRIMENAME":"3rd Avenue","ELEVTYP_F":0,"ELEVTYP_T":0},"geometry":{"type":"LineString","coordinates":[[-74.713085143568,39.1110821291356],[-74.7125398041414,39.1117258591416]]}},{"type":"Feature","id":93945,"properties":{"OBJECTID":93945,"PRIMENAME":"Avalon Avenue","ELEVTYP_F":0,"ELEVTYP_T":0},"geometry":{"type":"LineString","coordinates":[[-74.7115877971819,39.1029628666961],[-74.7113032883219,39.1033006206514],[-74.7110468340353,39.1036046872432]]}},{"type":"Feature","id":94391,"properties":{"OBJECTID":94391,"PRIMENAME":"34th Street","ELEVTYP_F":0,"ELEVTYP_T":0},"geometry":{"type":"LineString","coordinates":[[-74.7218745049369,39.0916772320849],[-74.7230830553865,39.0922930324892]]}},{"type":"Feature","id":94504,"properties":{"OBJECTID":94504,"PRIMENAME":"21st Street East","ELEVTYP_F":0,"ELEVTYP_T":0},"geometry":{"type":"LineString","coordinates":[[-74.7126362042833,39.0989190434104],[-74.7142968620902,39.0997523717102]]}},{"type":"Feature","id":94757,"properties":{"OBJECTID":94757,"PRIMENAME":"Dune Drive","ELEVTYP_F":0,"ELEVTYP_T":0},"geometry":{"type":"LineString","coordinates":[[-74.7104368651101,39.1106479432286],[-74.7105918353761,39.1106132041894],[-74.7110659399979,39.110046467034]]}},{"type":"Feature","id":94836,"properties":{"OBJECTID":94836,"PRIMENAME":"Dune Drive","ELEVTYP_F":0,"ELEVTYP_T":0},"geometry":{"type":"LineString","coordinates":[[-74.7260263674402,39.0919608058831],[-74.7254901729685,39.0926053490158]]}},{"type":"Feature","id":94952,"properties":{"OBJECTID":94952,"PRIMENAME":"56th Street","ELEVTYP_F":0,"ELEVTYP_T":0},"geometry":{"type":"LineString","coordinates":[[-74.7370465111724,39.0791960019305],[-74.7368837557974,39.079111679642]]}},{"type":"Feature","id":95258,"properties":{"OBJECTID":95258,"PRIMENAME":"72nd Street","ELEVTYP_F":0,"ELEVTYP_T":0},"geometry":{"type":"LineString","coordinates":[[-74.7455240321491,39.0688312294716],[-74.7448961932583,39.0685096973596],[-74.7444266688016,39.0682745985125]]}},{"type":"Feature","id":95810,"properties":{"OBJECTID":95810,"PRIMENAME":"9th Street West","ELEVTYP_F":0,"ELEVTYP_T":0},"geometry":{"type":"LineString","coordinates":[[-74.7114364256704,39.1093162400222],[-74.7116061691921,39.1094023422254]]}},{"type":"Feature","id":95972,"properties":{"OBJECTID":95972,"PRIMENAME":"Ocean Drive","ELEVTYP_F":0,"ELEVTYP_T":0},"geometry":{"type":"LineString","coordinates":[[-74.7206552733882,39.1020869830734],[-74.7201751328136,39.1026541000833],[-74.7201118288181,39.1027294818835]]}},{"type":"Feature","id":96274,"properties":{"OBJECTID":96274,"PRIMENAME":"Ocean Drive","ELEVTYP_F":0,"ELEVTYP_T":0},"geometry":{"type":"LineString","coordinates":[[-74.7515014369656,39.0654518025607],[-74.7512233924967,39.0657783847354],[-74.7509602785476,39.066094416638]]}},{"type":"Feature","id":97065,"properties":{"OBJECTID":97065,"PRIMENAME":"Heron Drive","ELEVTYP_F":0,"ELEVTYP_T":0},"geometry":{"type":"LineString","coordinates":[[-74.7434585611562,39.0904144517174],[-74.743400902274,39.0899011579236],[-74.743382561276,39.0897378820237],[-74.7433651661207,39.0896281407553],[-74.7433492609473,39.0895008793445],[-74.7433430829863,39.0894152781566],[-74.7433556094667,39.0893387545326],[-74.7433766750468,39.0892555404868],[-74.7434318470013,39.0891622873293],[-74.7435083357823,39.0890589955974],[-74.7435934193824,39.0889757027469],[-74.7444522097196,39.0883794695954],[-74.744564235611,39.0883016912995]]}},{"type":"Feature","id":97314,"properties":{"OBJECTID":97314,"PRIMENAME":"Sunset Drive","ELEVTYP_F":0,"ELEVTYP_T":0},"geometry":{"type":"LineString","coordinates":[[-74.7516769743838,39.0682964089095],[-74.7516702727371,39.0683435145701],[-74.7516525378836,39.0684278762997],[-74.7516311462111,39.0684841293892],[-74.7516024826348,39.068546026694],[-74.7515665847141,39.0685938808838],[-74.7515055156725,39.068655875991],[-74.7514408048259,39.0687037652526],[-74.751372386773,39.0687292014989],[-74.7512967162383,39.0687462231504],[-74.7512066112528,39.0687548744914],[-74.751163114758,39.0687560942465],[-74.7511139027323,39.0687547453488],[-74.7510684594425,39.0687430357128],[-74.7510106660992,39.0687254493522],[-74.7509360048909,39.0686992231441],[-74.7508565934661,39.0686741052464],[-74.7507916189484,39.0686574134568],[-74.7507086792372,39.068640704402],[-74.7506185145935,39.0686324689253],[-74.7505355442629,39.0686270186752],[-74.7504382238979,39.0686272277146],[-74.7504040333143,39.0686306505069]]}},{"type":"Feature","id":97429,"properties":{"OBJECTID":97429,"PRIMENAME":"Dune Drive","ELEVTYP_F":0,"ELEVTYP_T":0},"geometry":{"type":"LineString","coordinates":[[-74.71413422418,39.1061083255168],[-74.7135936698589,39.1067456543475]]}},{"type":"Feature","id":97458,"properties":{"OBJECTID":97458,"PRIMENAME":"Avalon Avenue","ELEVTYP_F":0,"ELEVTYP_T":0},"geometry":{"type":"LineString","coordinates":[[-74.7142968620902,39.0997523717102],[-74.7137521520314,39.1003971505724]]}},{"type":"Feature","id":97480,"properties":{"OBJECTID":97480,"PRIMENAME":"Ocean Drive","ELEVTYP_F":0,"ELEVTYP_T":0},"geometry":{"type":"LineString","coordinates":[[-74.7412148003014,39.0776625452439],[-74.7406734895303,39.0783045342132]]}},{"type":"Feature","id":97794,"properties":{"OBJECTID":97794,"PRIMENAME":"Unnamed Segment","ELEVTYP_F":0,"ELEVTYP_T":0},"geometry":{"type":"LineString","coordinates":[[-74.7181661108588,39.1015931424746],[-74.7181280987424,39.1015184287625],[-74.7181032991443,39.1014740966596],[-74.7180558256535,39.1014449286027],[-74.717989664072,39.1014281028612],[-74.7179289350231,39.1014299748483],[-74.7179017254335,39.1014327255483]]}},{"type":"Feature","id":98469,"properties":{"OBJECTID":98469,"PRIMENAME":"4th Avenue","ELEVTYP_F":0,"ELEVTYP_T":0},"geometry":{"type":"LineString","coordinates":[[-74.7324269871717,39.0915567275365],[-74.7321945398978,39.0918348181647]]}},{"type":"Feature","id":98934,"properties":{"OBJECTID":98934,"PRIMENAME":"22nd Street","ELEVTYP_F":0,"ELEVTYP_T":0},"geometry":{"type":"LineString","coordinates":[[-74.7217395228781,39.1026577799152],[-74.7217843704222,39.1026650806656],[-74.7218754246434,39.1027079067067],[-74.7225629134292,39.1030631646686],[-74.7226858121212,39.1031240237145]]}},{"type":"Feature","id":99839,"properties":{"OBJECTID":99839,"PRIMENAME":"64th Street","ELEVTYP_F":0,"ELEVTYP_T":0},"geometry":{"type":"LineString","coordinates":[[-74.7433803326709,39.0750939054113],[-74.7429180111782,39.0748544193334],[-74.741853604517,39.074304478676],[-74.7413638540861,39.0740553230796]]}},{"type":"Feature","id":99912,"properties":{"OBJECTID":99912,"PRIMENAME":"30th Street East","ELEVTYP_F":0,"ELEVTYP_T":0},"geometry":{"type":"LineString","coordinates":[[-74.7191643703761,39.0939676839505],[-74.7185542180538,39.0936676698136]]}},{"type":"Feature","id":99986,"properties":{"OBJECTID":99986,"PRIMENAME":"Ocean Drive","ELEVTYP_F":0,"ELEVTYP_T":0},"geometry":{"type":"LineString","coordinates":[[-74.7131135290348,39.110814682418],[-74.7131302909236,39.1108830594005],[-74.713166263032,39.1110003487811],[-74.7131669146623,39.1110024771921],[-74.7131865648235,39.1110665401316],[-74.7132207258466,39.1111514320381]]}},{"type":"Feature","id":100008,"properties":{"OBJECTID":100008,"PRIMENAME":"74th Street","ELEVTYP_F":0,"ELEVTYP_T":0},"geometry":{"type":"LineString","coordinates":[[-74.7467740311979,39.0676265591338],[-74.7466945339589,39.0675859799326],[-74.7466122839506,39.0675440056712]]}},{"type":"Feature","id":100261,"properties":{"OBJECTID":100261,"PRIMENAME":"Avalon Avenue","ELEVTYP_F":0,"ELEVTYP_T":0},"geometry":{"type":"LineString","coordinates":[[-74.7105050877537,39.1042469462465],[-74.7101422561392,39.1046771522008],[-74.7099637236415,39.1048903829944]]}},{"type":"Feature","id":100456,"properties":{"OBJECTID":100456,"PRIMENAME":"82nd Street","ELEVTYP_F":0,"ELEVTYP_T":0},"geometry":{"type":"LineString","coordinates":[[-74.7531246285305,39.0635302073537],[-74.7533718145802,39.063650705698]]}},{"type":"Feature","id":101017,"properties":{"OBJECTID":101017,"PRIMENAME":"Dune Drive","ELEVTYP_F":0,"ELEVTYP_T":0},"geometry":{"type":"LineString","coordinates":[[-74.7201174447824,39.0990503842322],[-74.7195855889959,39.0996966209712]]}},{"type":"Feature","id":101383,"properties":{"OBJECTID":101383,"PRIMENAME":"Dune Drive","ELEVTYP_F":0,"ELEVTYP_T":0},"geometry":{"type":"LineString","coordinates":[[-74.7195855889959,39.0996966209712],[-74.7190385253983,39.1003396164157]]}},{"type":"Feature","id":101843,"properties":{"OBJECTID":101843,"PRIMENAME":"27th Street West","ELEVTYP_F":0,"ELEVTYP_T":0},"geometry":{"type":"LineString","coordinates":[[-74.7213217482614,39.0978330087291],[-74.7233597128537,39.0988691469791]]}},{"type":"Feature","id":103219,"properties":{"OBJECTID":103219,"PRIMENAME":"Ocean Drive","ELEVTYP_F":0,"ELEVTYP_T":0},"geometry":{"type":"LineString","coordinates":[[-74.7493353787213,39.0680242499873],[-74.7489120415839,39.0685275268391],[-74.7487958297471,39.0686650927755]]}},{"type":"Feature","id":103972,"properties":{"OBJECTID":103972,"PRIMENAME":"Ocean Drive","ELEVTYP_F":0,"ELEVTYP_T":0},"geometry":{"type":"LineString","coordinates":[[-74.7487958297471,39.0686650927755],[-74.748173360448,39.0694021935863],[-74.7478415710911,39.0697950747502],[-74.7477025928973,39.0699605026905]]}},{"type":"Feature","id":104839,"properties":{"OBJECTID":104839,"PRIMENAME":"7th Street","ELEVTYP_F":0,"ELEVTYP_T":0},"geometry":{"type":"LineString","coordinates":[[-74.7199709214274,39.1155241031725],[-74.718704740641,39.1148788373019],[-74.7167346485174,39.1138642970403],[-74.7150736441079,39.1130127472063],[-74.7145702035432,39.1127577128089]]}},{"type":"Feature","id":104972,"properties":{"OBJECTID":104972,"PRIMENAME":"Dune Drive","ELEVTYP_F":0,"ELEVTYP_T":0},"geometry":{"type":"LineString","coordinates":[[-74.7276627046609,39.0900429242608],[-74.727110854489,39.0906742432823]]}},{"type":"Feature","id":106498,"properties":{"OBJECTID":106498,"PRIMENAME":"81st Street","ELEVTYP_F":0,"ELEVTYP_T":0},"geometry":{"type":"LineString","coordinates":[[-74.7525734676769,39.0641843556091],[-74.7540786571946,39.0649569687636]]}},{"type":"Feature","id":106930,"properties":{"OBJECTID":106930,"PRIMENAME":"14th Street West","ELEVTYP_F":0,"ELEVTYP_T":0},"geometry":{"type":"LineString","coordinates":[[-74.7163333589574,39.1072184520276],[-74.7145916118628,39.1063355773839],[-74.7143015573472,39.1061914356579]]}},{"type":"Feature","id":107730,"properties":{"OBJECTID":107730,"PRIMENAME":"Avalon Avenue","ELEVTYP_F":0,"ELEVTYP_T":0},"geometry":{"type":"LineString","coordinates":[[-74.713210837857,39.1010380208441],[-74.7126697615601,39.1016789709855]]}},{"type":"Feature","id":107745,"properties":{"OBJECTID":107745,"PRIMENAME":"25th Street West","ELEVTYP_F":0,"ELEVTYP_T":0},"geometry":{"type":"LineString","coordinates":[[-74.7202356100925,39.0991107332566],[-74.7212102711929,39.0996081555892],[-74.722278382985,39.1001567381626]]}},{"type":"Feature","id":108780,"properties":{"OBJECTID":108780,"PRIMENAME":"49th Street","ELEVTYP_F":0,"ELEVTYP_T":0},"geometry":{"type":"LineString","coordinates":[[-74.7352590788276,39.0847290865482],[-74.7355436032042,39.0848763732938],[-74.7358262986838,39.0850141905931]]}},{"type":"Feature","id":108880,"properties":{"OBJECTID":108880,"PRIMENAME":"52nd Street","ELEVTYP_F":0,"ELEVTYP_T":0},"geometry":{"type":"LineString","coordinates":[[-74.7368819200281,39.0828080523446],[-74.7348792862837,39.0817647729513]]}},{"type":"Feature","id":109147,"properties":{"OBJECTID":109147,"PRIMENAME":"4th Avenue","ELEVTYP_F":0,"ELEVTYP_T":0},"geometry":{"type":"LineString","coordinates":[[-74.7221467970338,39.1037709447871],[-74.7218789541211,39.1040923549214]]}},{"type":"Feature","id":109885,"properties":{"OBJECTID":109885,"PRIMENAME":"Ocean Drive","ELEVTYP_F":0,"ELEVTYP_T":0},"geometry":{"type":"LineString","coordinates":[[-74.7271402868954,39.0943795268783],[-74.7268423454745,39.0947359073135],[-74.7266017767801,39.0950186148225]]}},{"type":"Feature","id":110389,"properties":{"OBJECTID":110389,"PRIMENAME":"1st Avenue","ELEVTYP_F":0,"ELEVTYP_T":0},"geometry":{"type":"LineString","coordinates":[[-74.7182133779512,39.0980786584684],[-74.7185828887593,39.0976360854461],[-74.7187525020383,39.0974352698641]]}},{"type":"Feature","id":110637,"properties":{"OBJECTID":110637,"PRIMENAME":"42nd Street","ELEVTYP_F":0,"ELEVTYP_T":0},"geometry":{"type":"LineString","coordinates":[[-74.7292922949212,39.088103148042],[-74.7294602842332,39.0881898865652]]}},{"type":"Feature","id":110840,"properties":{"OBJECTID":110840,"PRIMENAME":"4th Avenue","ELEVTYP_F":0,"ELEVTYP_T":0},"geometry":{"type":"LineString","coordinates":[[-74.7224187459732,39.1034445553091],[-74.7221467970338,39.1037709447871]]}},{"type":"Feature","id":110956,"properties":{"OBJECTID":110956,"PRIMENAME":"50th Street","ELEVTYP_F":0,"ELEVTYP_T":0},"geometry":{"type":"LineString","coordinates":[[-74.7357972652834,39.0840924023158],[-74.7348263955933,39.0835944298189],[-74.7337931116025,39.0830644292689]]}},{"type":"Feature","id":111153,"properties":{"OBJECTID":111153,"PRIMENAME":"14th Street East","ELEVTYP_F":0,"ELEVTYP_T":0},"geometry":{"type":"LineString","coordinates":[[-74.7087998160356,39.1033746549327],[-74.7096003766084,39.1037803640118],[-74.7105050877537,39.1042469462465]]}},{"type":"Feature","id":111248,"properties":{"OBJECTID":111248,"PRIMENAME":"Ocean Drive","ELEVTYP_F":0,"ELEVTYP_T":0},"geometry":{"type":"LineString","coordinates":[[-74.7423045543233,39.076371049677],[-74.7417577524925,39.0770190954227]]}},{"type":"Feature","id":111421,"properties":{"OBJECTID":111421,"PRIMENAME":"Ocean Drive","ELEVTYP_F":0,"ELEVTYP_T":0},"geometry":{"type":"LineString","coordinates":[[-74.7498783522668,39.0673787849365],[-74.7493353787213,39.0680242499873]]}},{"type":"Feature","id":111707,"properties":{"OBJECTID":111707,"PRIMENAME":"Ocean Drive","ELEVTYP_F":0,"ELEVTYP_T":0},"geometry":{"type":"LineString","coordinates":[[-74.7260580508135,39.0956600993843],[-74.7256259139226,39.0961704189243],[-74.725513680495,39.0963019960858],[-74.7249721335497,39.0969368797345]]}},{"type":"Feature","id":112036,"properties":{"OBJECTID":112036,"PRIMENAME":"32nd Street","ELEVTYP_F":0,"ELEVTYP_T":0},"geometry":{"type":"LineString","coordinates":[[-74.7240251935682,39.0946177378595],[-74.7239542550616,39.0945817401662],[-74.7238892462021,39.0945487506908]]}},{"type":"Feature","id":112595,"properties":{"OBJECTID":112595,"PRIMENAME":"5th Avenue","ELEVTYP_F":0,"ELEVTYP_T":0},"geometry":{"type":"LineString","coordinates":[[-74.7239075023339,39.1051337990023],[-74.7241801615359,39.1048099030829]]}},{"type":"Feature","id":113171,"properties":{"OBJECTID":113171,"PRIMENAME":"Ocean Drive","ELEVTYP_F":0,"ELEVTYP_T":0},"geometry":{"type":"LineString","coordinates":[[-74.7357972652834,39.0840924023158],[-74.7352830123362,39.0847005371383],[-74.7352590788276,39.0847290865482]]}},{"type":"Feature","id":113889,"properties":{"OBJECTID":113889,"PRIMENAME":"40th Street","ELEVTYP_F":0,"ELEVTYP_T":0},"geometry":{"type":"LineString","coordinates":[[-74.7274468577823,39.0890101018562],[-74.7277626463237,39.0891722834872],[-74.7281998407314,39.0893967213955]]}},{"type":"Feature","id":114057,"properties":{"OBJECTID":114057,"PRIMENAME":"1st Avenue","ELEVTYP_F":0,"ELEVTYP_T":0},"geometry":{"type":"LineString","coordinates":[[-74.7144223054181,39.1025769021932],[-74.7149655841051,39.1019331941792]]}},{"type":"Feature","id":114718,"properties":{"OBJECTID":114718,"PRIMENAME":"34th Street","ELEVTYP_F":0,"ELEVTYP_T":0},"geometry":{"type":"LineString","coordinates":[[-74.7271402868954,39.0943795268783],[-74.7274643250972,39.094546745937]]}},{"type":"Feature","id":114923,"properties":{"OBJECTID":114923,"PRIMENAME":"5th Avenue","ELEVTYP_F":0,"ELEVTYP_T":0},"geometry":{"type":"LineString","coordinates":[[-74.7233901956828,39.1057480633128],[-74.7236443558903,39.1054462262454]]}},{"type":"Feature","id":115213,"properties":{"OBJECTID":115213,"PRIMENAME":"67th Street","ELEVTYP_F":0,"ELEVTYP_T":0},"geometry":{"type":"LineString","coordinates":[[-74.7429936465628,39.0721338016857],[-74.7429008781195,39.072086465066],[-74.7428199659021,39.0720452267808]]}},{"type":"Feature","id":116311,"properties":{"OBJECTID":116311,"PRIMENAME":"1st Avenue","ELEVTYP_F":0,"ELEVTYP_T":0},"geometry":{"type":"LineString","coordinates":[[-74.7155042862591,39.1012940773502],[-74.7160456072003,39.1006502308703]]}},{"type":"Feature","id":116701,"properties":{"OBJECTID":116701,"PRIMENAME":"22nd Street West","ELEVTYP_F":0,"ELEVTYP_T":0},"geometry":{"type":"LineString","coordinates":[[-74.7148382197368,39.0991090521904],[-74.716586747621,39.1000080298029]]}},{"type":"Feature","id":117776,"properties":{"OBJECTID":117776,"PRIMENAME":"Ocean Drive","ELEVTYP_F":0,"ELEVTYP_T":0},"geometry":{"type":"LineString","coordinates":[[-74.7406734895303,39.0783045342132],[-74.7401330453422,39.0789455846418]]}},{"type":"Feature","id":118915,"properties":{"OBJECTID":118915,"PRIMENAME":"3rd Avenue","ELEVTYP_F":0,"ELEVTYP_T":0},"geometry":{"type":"LineString","coordinates":[[-74.7525734676769,39.0641843556091],[-74.7521438845565,39.0646912551089],[-74.7521028968203,39.0647405177214],[-74.7520338312323,39.0648235113107]]}},{"type":"Feature","id":119304,"properties":{"OBJECTID":119304,"PRIMENAME":"Ocean Drive","ELEVTYP_F":0,"ELEVTYP_T":0},"geometry":{"type":"LineString","coordinates":[[-74.716278669597,39.1176317209227],[-74.7162788792898,39.1177014442115],[-74.7162676316924,39.1178038552319],[-74.7162447160409,39.1179063437464],[-74.7161987730263,39.1180509940148],[-74.716057073433,39.1185000824716],[-74.7160544379683,39.1185084237837]]}},{"type":"Feature","id":120480,"properties":{"OBJECTID":120480,"PRIMENAME":"Avalon Avenue","ELEVTYP_F":0,"ELEVTYP_T":0},"geometry":{"type":"LineString","coordinates":[[-74.7083458099851,39.1068213793126],[-74.7082154831344,39.1069768588405],[-74.7078048587267,39.1074632393768]]}},{"type":"Feature","id":120548,"properties":{"OBJECTID":120548,"PRIMENAME":"Dune Drive","ELEVTYP_F":0,"ELEVTYP_T":0},"geometry":{"type":"LineString","coordinates":[[-74.736335463145,39.0797563533946],[-74.7357932906939,39.0804009562799]]}},{"type":"Feature","id":120740,"properties":{"OBJECTID":120740,"PRIMENAME":"Sea Gull Drive","ELEVTYP_F":0,"ELEVTYP_T":0},"geometry":{"type":"LineString","coordinates":[[-74.7401450796823,39.0909945087535],[-74.7393685732245,39.09051127978],[-74.7391376810959,39.0903953042938],[-74.7387442701929,39.0901898735162]]}},{"type":"Feature","id":121556,"properties":{"OBJECTID":121556,"PRIMENAME":"65th Street","ELEVTYP_F":0,"ELEVTYP_T":0},"geometry":{"type":"LineString","coordinates":[[-74.7417297614434,39.0733272015585],[-74.7408489214676,39.0728737152459]]}},{"type":"Feature","id":121843,"properties":{"OBJECTID":121843,"PRIMENAME":"Dune Drive","ELEVTYP_F":0,"ELEVTYP_T":0},"geometry":{"type":"LineString","coordinates":[[-74.7352520591909,39.0810349840945],[-74.7352388636303,39.081050414374],[-74.7348196020336,39.0815452313733],[-74.7347088333758,39.081675959817]]}},{"type":"Feature","id":123427,"properties":{"OBJECTID":123427,"PRIMENAME":"57th Street","ELEVTYP_F":0,"ELEVTYP_T":0},"geometry":{"type":"LineString","coordinates":[[-74.7375749612087,39.0785620466119],[-74.739256091042,39.0794204343808],[-74.7395921434931,39.0795891873601]]}},{"type":"Feature","id":124061,"properties":{"OBJECTID":124061,"PRIMENAME":"32nd Street","ELEVTYP_F":0,"ELEVTYP_T":0},"geometry":{"type":"LineString","coordinates":[[-74.7234726518261,39.0943372719279],[-74.7233735158853,39.0942869665774],[-74.7220013730621,39.0935839733972]]}},{"type":"Feature","id":124180,"properties":{"OBJECTID":124180,"PRIMENAME":"2nd Avenue","ELEVTYP_F":0,"ELEVTYP_T":0},"geometry":{"type":"LineString","coordinates":[[-74.7514690317685,39.0617685088292],[-74.7509332522025,39.0624104791581]]}},{"type":"Feature","id":126561,"properties":{"OBJECTID":126561,"PRIMENAME":"Avalon Avenue","ELEVTYP_F":0,"ELEVTYP_T":0},"geometry":{"type":"LineString","coordinates":[[-74.7191643703761,39.0939676839505],[-74.7189154660588,39.0942645049443],[-74.7186190528214,39.0946153969912]]}},{"type":"Feature","id":128425,"properties":{"OBJECTID":128425,"PRIMENAME":"25th Street East","ELEVTYP_F":0,"ELEVTYP_T":0},"geometry":{"type":"LineString","coordinates":[[-74.7148662606466,39.0963663645605],[-74.7164551170724,39.0971798878517]]}},{"type":"Feature","id":128588,"properties":{"OBJECTID":128588,"PRIMENAME":"29th Street West","ELEVTYP_F":0,"ELEVTYP_T":0},"geometry":{"type":"LineString","coordinates":[[-74.7222535891077,39.0964686090979],[-74.7223355767932,39.0965107377419],[-74.722410329596,39.0965490911575]]}},{"type":"Feature","id":129438,"properties":{"OBJECTID":129438,"PRIMENAME":"65th Street","ELEVTYP_F":0,"ELEVTYP_T":0},"geometry":{"type":"LineString","coordinates":[[-74.7419068700667,39.073418351897],[-74.7418189686744,39.0733731186325],[-74.7417297614434,39.0733272015585]]}},{"type":"Feature","id":129769,"properties":{"OBJECTID":129769,"PRIMENAME":"19th Street West","ELEVTYP_F":0,"ELEVTYP_T":0},"geometry":{"type":"LineString","coordinates":[[-74.7169929445271,39.1029735532681],[-74.718260535277,39.1036246849389],[-74.7190316476866,39.1040161067698]]}},{"type":"Feature","id":129772,"properties":{"OBJECTID":129772,"PRIMENAME":"Ocean Drive","ELEVTYP_F":0,"ELEVTYP_T":0},"geometry":{"type":"LineString","coordinates":[[-74.7455469722653,39.0725241239313],[-74.7450098100932,39.0731617583431]]}},{"type":"Feature","id":129784,"properties":{"OBJECTID":129784,"PRIMENAME":"Dune Drive","ELEVTYP_F":0,"ELEVTYP_T":0},"geometry":{"type":"LineString","coordinates":[[-74.7125148029015,39.1080249116607],[-74.7125132221339,39.1080267819991],[-74.7119745364006,39.1086738739288]]}},{"type":"Feature","id":131542,"properties":{"OBJECTID":131542,"PRIMENAME":"61st Street","ELEVTYP_F":0,"ELEVTYP_T":0},"geometry":{"type":"LineString","coordinates":[[-74.7387595987236,39.0754955582827],[-74.739557475974,39.0759007134214]]}},{"type":"Feature","id":131657,"properties":{"OBJECTID":131657,"PRIMENAME":"13th Street West","ELEVTYP_F":0,"ELEVTYP_T":0},"geometry":{"type":"LineString","coordinates":[[-74.7137610114505,39.1068312632898],[-74.7138991977583,39.1069019606037],[-74.7152154070299,39.1075801097643],[-74.7157856150131,39.1078634100855]]}},{"type":"Feature","id":131742,"properties":{"OBJECTID":131742,"PRIMENAME":"12th Street West","ELEVTYP_F":0,"ELEVTYP_T":0},"geometry":{"type":"LineString","coordinates":[[-74.7111792019962,39.1064286853366],[-74.7095551152063,39.1055973073086],[-74.709426676429,39.1055315293659]]}},{"type":"Feature","id":131915,"properties":{"OBJECTID":131915,"PRIMENAME":"83rd Street","ELEVTYP_F":0,"ELEVTYP_T":0},"geometry":{"type":"LineString","coordinates":[[-74.7516548038514,39.0618641562767],[-74.752816864959,39.0624621513557],[-74.753661101168,39.0628881427075]]}},{"type":"Feature","id":131945,"properties":{"OBJECTID":131945,"PRIMENAME":"79th Street","ELEVTYP_F":0,"ELEVTYP_T":0},"geometry":{"type":"LineString","coordinates":[[-74.7494836291098,39.064421544065],[-74.7511113224299,39.0652530230762],[-74.7515014369656,39.0654518025607]]}},{"type":"Feature","id":133195,"properties":{"OBJECTID":133195,"PRIMENAME":"Evans Road","ELEVTYP_F":0,"ELEVTYP_T":0},"geometry":{"type":"LineString","coordinates":[[-74.7218789541211,39.1040923549214],[-74.722543116692,39.104433050043],[-74.7239075023339,39.1051337990023]]}},{"type":"Feature","id":134265,"properties":{"OBJECTID":134265,"PRIMENAME":"Ocean Drive","ELEVTYP_F":0,"ELEVTYP_T":0},"geometry":{"type":"LineString","coordinates":[[-74.7233597128537,39.0988691469791],[-74.7228218441182,39.0995095887053]]}},{"type":"Feature","id":136373,"properties":{"OBJECTID":136373,"PRIMENAME":"Dune Drive","ELEVTYP_F":0,"ELEVTYP_T":0},"geometry":{"type":"LineString","coordinates":[[-74.7303708026244,39.086823456753],[-74.7298334363483,39.0874625040526]]}},{"type":"Feature","id":136553,"properties":{"OBJECTID":136553,"PRIMENAME":"Ocean Drive","ELEVTYP_F":0,"ELEVTYP_T":0},"geometry":{"type":"LineString","coordinates":[[-74.7330939516759,39.0872994385898],[-74.7325517738511,39.0879474029585]]}},{"type":"Feature","id":136756,"properties":{"OBJECTID":136756,"PRIMENAME":"6th Street","ELEVTYP_F":0,"ELEVTYP_T":0},"geometry":{"type":"LineString","coordinates":[[-74.711997722111,39.1123663393643],[-74.710310450278,39.1115038139214],[-74.7101081110751,39.1114086250189],[-74.7100538857929,39.1113665477783],[-74.7100176700149,39.1113244371689],[-74.7100103300028,39.1112738732348],[-74.7100210339059,39.1112345067544],[-74.7100424488341,39.1111585745106],[-74.7100537819889,39.1111414965519],[-74.7101333821387,39.1110215467465]]}},{"type":"Feature","id":140683,"properties":{"OBJECTID":140683,"PRIMENAME":"5th Avenue","ELEVTYP_F":0,"ELEVTYP_T":0},"geometry":{"type":"LineString","coordinates":[[-74.7236443558903,39.1054462262454],[-74.7239075023339,39.1051337990023]]}},{"type":"Feature","id":140956,"properties":{"OBJECTID":140956,"PRIMENAME":"Ocean Drive","ELEVTYP_F":0,"ELEVTYP_T":0},"geometry":{"type":"LineString","coordinates":[[-74.7157856150131,39.1078634100855],[-74.7156925027515,39.1079672627315],[-74.7155984731438,39.1080475319099],[-74.7155044230854,39.1081211554976],[-74.715414631075,39.1081813989612],[-74.715311975674,39.1082416940389],[-74.7152178540798,39.1082919783698],[-74.7151066146724,39.1083455615833],[-74.7150081878102,39.108382454483],[-74.714936440399,39.1084082870573]]}},{"type":"Feature","id":141359,"properties":{"OBJECTID":141359,"PRIMENAME":"40th Street","ELEVTYP_F":0,"ELEVTYP_T":0},"geometry":{"type":"LineString","coordinates":[[-74.7264920289481,39.0885152730644],[-74.7266813881917,39.0886168840494],[-74.7274468577823,39.0890101018562]]}},{"type":"Feature","id":141556,"properties":{"OBJECTID":141556,"PRIMENAME":"31st Street","ELEVTYP_F":0,"ELEVTYP_T":0},"geometry":{"type":"LineString","coordinates":[[-74.719697417568,39.0933319898357],[-74.7214524362939,39.0942255015432]]}},{"type":"Feature","id":145563,"properties":{"OBJECTID":145563,"PRIMENAME":"Ocean Drive","ELEVTYP_F":0,"ELEVTYP_T":0},"geometry":{"type":"LineString","coordinates":[[-74.7217375864751,39.10080253499],[-74.7212594138646,39.1013734147736],[-74.7212017281022,39.1014415644157]]}},{"type":"Feature","id":145922,"properties":{"OBJECTID":145922,"PRIMENAME":"Pelican Drive North","ELEVTYP_F":0,"ELEVTYP_T":0},"geometry":{"type":"LineString","coordinates":[[-74.7379531682584,39.0935778531549],[-74.738063033451,39.093449065959],[-74.738196988259,39.0932920400646],[-74.7384676548371,39.0929747039733],[-74.7385589212115,39.0928722636472]]}},{"type":"Feature","id":148297,"properties":{"OBJECTID":148297,"PRIMENAME":"25th Street","ELEVTYP_F":0,"ELEVTYP_T":0},"geometry":{"type":"LineString","coordinates":[[-74.722278382985,39.1001567381626],[-74.7226246928312,39.1003345931744],[-74.7230125398268,39.1005337781735],[-74.7230934730411,39.1005753425341],[-74.7232031747423,39.1006320256593],[-74.7232534562447,39.1006639176186],[-74.7232763806805,39.1006923198133],[-74.7232764704092,39.1007207666362]]}},{"type":"Feature","id":150581,"properties":{"OBJECTID":150581,"PRIMENAME":"4th Avenue","ELEVTYP_F":0,"ELEVTYP_T":0},"geometry":{"type":"LineString","coordinates":[[-74.7321945398978,39.0918348181647],[-74.7321231425865,39.0919202221533],[-74.7321229157403,39.091920491959],[-74.731950860242,39.0921263019765],[-74.7319252991787,39.0921429924189],[-74.731891189762,39.0921530551895],[-74.7318485318179,39.0921564353293],[-74.7318015422004,39.0921498831883],[-74.7316946642357,39.0921035270923]]}},{"type":"Feature","id":151564,"properties":{"OBJECTID":151564,"PRIMENAME":"22nd Street West","ELEVTYP_F":0,"ELEVTYP_T":0},"geometry":{"type":"LineString","coordinates":[[-74.716586747621,39.1000080298029],[-74.7174205094981,39.1004367160852],[-74.7184580305561,39.1009666367741]]}},{"type":"Feature","id":157828,"properties":{"OBJECTID":157828,"PRIMENAME":"5th Avenue","ELEVTYP_F":0,"ELEVTYP_T":0},"geometry":{"type":"LineString","coordinates":[[-74.7244496222674,39.104489939464],[-74.724637910716,39.1042663719277],[-74.7247226597192,39.1041651082383]]}},{"type":"Feature","id":158165,"properties":{"OBJECTID":158165,"PRIMENAME":"Dune Drive","ELEVTYP_F":0,"ELEVTYP_T":0},"geometry":{"type":"LineString","coordinates":[[-74.7384790631214,39.077183263459],[-74.7379552237583,39.0778208106983]]}},{"type":"Feature","id":159668,"properties":{"OBJECTID":159668,"PRIMENAME":"10th Street West","ELEVTYP_F":0,"ELEVTYP_T":0},"geometry":{"type":"LineString","coordinates":[[-74.7121417019779,39.1087589089423],[-74.7119745364006,39.1086738739288]]}},{"type":"Feature","id":159852,"properties":{"OBJECTID":159852,"PRIMENAME":"22nd Street West","ELEVTYP_F":0,"ELEVTYP_T":0},"geometry":{"type":"LineString","coordinates":[[-74.71859896333,39.101038614365],[-74.7197790258727,39.1016412930681],[-74.7206552733882,39.1020869830734]]}},{"type":"Feature","id":160710,"properties":{"OBJECTID":160710,"PRIMENAME":"Avalon Avenue","ELEVTYP_F":0,"ELEVTYP_T":0},"geometry":{"type":"LineString","coordinates":[[-74.7088883911871,39.1061741041649],[-74.7083458099851,39.1068213793126]]}},{"type":"Feature","id":160977,"properties":{"OBJECTID":160977,"PRIMENAME":"24th Street East","ELEVTYP_F":0,"ELEVTYP_T":0},"geometry":{"type":"LineString","coordinates":[[-74.7159156945028,39.0978241177346],[-74.714302309624,39.0970003625963]]}},{"type":"Feature","id":161002,"properties":{"OBJECTID":161002,"PRIMENAME":"Dune Drive","ELEVTYP_F":0,"ELEVTYP_T":0},"geometry":{"type":"LineString","coordinates":[[-74.7444501463862,39.0701182479063],[-74.743903721276,39.0707537006146]]}},{"type":"Feature","id":161208,"properties":{"OBJECTID":161208,"PRIMENAME":"27th Street West","ELEVTYP_F":0,"ELEVTYP_T":0},"geometry":{"type":"LineString","coordinates":[[-74.7192949664693,39.0967929426315],[-74.7210719749848,39.0977060232705],[-74.7211901379961,39.0977660965881]]}},{"type":"Feature","id":162123,"properties":{"OBJECTID":162123,"PRIMENAME":"54th Street","ELEVTYP_F":0,"ELEVTYP_T":0},"geometry":{"type":"LineString","coordinates":[[-74.7379673680045,39.0815196546097],[-74.7359597867079,39.0804866453983]]}},{"type":"Feature","id":162395,"properties":{"OBJECTID":162395,"PRIMENAME":"42nd Street","ELEVTYP_F":0,"ELEVTYP_T":0},"geometry":{"type":"LineString","coordinates":[[-74.7385589212115,39.0928722636472],[-74.7389118015927,39.0930516227321],[-74.7390678164793,39.0931309191226],[-74.7392815292943,39.09323955919],[-74.7394762977625,39.0933385689571]]}},{"type":"Feature","id":162585,"properties":{"OBJECTID":162585,"PRIMENAME":"67th Street","ELEVTYP_F":0,"ELEVTYP_T":0},"geometry":{"type":"LineString","coordinates":[[-74.7450098100932,39.0731617583431],[-74.7429936465628,39.0721338016857]]}},{"type":"Feature","id":163439,"properties":{"OBJECTID":163439,"PRIMENAME":"10th Street West","ELEVTYP_F":0,"ELEVTYP_T":0},"geometry":{"type":"LineString","coordinates":[[-74.7119745364006,39.1086738739288],[-74.7102908939797,39.1078169424439],[-74.7100986001358,39.1077185229121]]}},{"type":"Feature","id":163576,"properties":{"OBJECTID":163576,"PRIMENAME":"6th Avenue","ELEVTYP_F":0,"ELEVTYP_T":0},"geometry":{"type":"LineString","coordinates":[[-74.7256817627862,39.1064933326271],[-74.7262178174251,39.1058499163773]]}},{"type":"Feature","id":163958,"properties":{"OBJECTID":163958,"PRIMENAME":"Leanord Lane","ELEVTYP_F":0,"ELEVTYP_T":0},"geometry":{"type":"LineString","coordinates":[[-74.7490421744232,39.1124030034721],[-74.7489665116364,39.1125154952175],[-74.7489432611975,39.1125611439091],[-74.748926748369,39.1125935600912],[-74.748894938856,39.1126685054548],[-74.7488792090327,39.1127558823938],[-74.7488636904978,39.1128931504491],[-74.7488523859728,39.1130959505744],[-74.7488333866375,39.1133860834387],[-74.7488222124114,39.1136263080201],[-74.7487990329226,39.1138602991335],[-74.7487993619797,39.1139538747252],[-74.7488196670144,39.1140349417726],[-74.7488720316713,39.1141221454068],[-74.7491537987635,39.1145457952053],[-74.7493332156199,39.1148001654616]]}},{"type":"Feature","id":164544,"properties":{"OBJECTID":164544,"PRIMENAME":"Dune Drive","ELEVTYP_F":0,"ELEVTYP_T":0},"geometry":{"type":"LineString","coordinates":[[-74.7244233628406,39.0939068820167],[-74.7238892462021,39.0945487506908]]}},{"type":"Feature","id":165239,"properties":{"OBJECTID":165239,"PRIMENAME":"53rd Street","ELEVTYP_F":0,"ELEVTYP_T":0},"geometry":{"type":"LineString","coordinates":[[-74.7374219646946,39.0821671830156],[-74.7380345208443,39.0824753306072]]}},{"type":"Feature","id":165350,"properties":{"OBJECTID":165350,"PRIMENAME":"Sunrise Drive","ELEVTYP_F":0,"ELEVTYP_T":0},"geometry":{"type":"LineString","coordinates":[[-74.7277395438453,39.1074789138519],[-74.7264364161882,39.1068618096067],[-74.7256817627862,39.1064933326271]]}},{"type":"Feature","id":165584,"properties":{"OBJECTID":165584,"PRIMENAME":"39th Street","ELEVTYP_F":0,"ELEVTYP_T":0},"geometry":{"type":"LineString","coordinates":[[-74.7257897374567,39.0890789468109],[-74.7271881487373,39.0898037850281],[-74.7275772076064,39.089992650765],[-74.7276627046609,39.0900429242608]]}},{"type":"Feature","id":165884,"properties":{"OBJECTID":165884,"PRIMENAME":"22nd Street East","ELEVTYP_F":0,"ELEVTYP_T":0},"geometry":{"type":"LineString","coordinates":[[-74.7131744466034,39.0982683241104],[-74.7147329394803,39.099054879008],[-74.7148382197368,39.0991090521904]]}},{"type":"Feature","id":166058,"properties":{"OBJECTID":166058,"PRIMENAME":"19th Street West","ELEVTYP_F":0,"ELEVTYP_T":0},"geometry":{"type":"LineString","coordinates":[[-74.713210837857,39.1010380208441],[-74.7144566006961,39.1016721008342],[-74.7149655841051,39.1019331941792]]}},{"type":"Feature","id":166198,"properties":{"OBJECTID":166198,"PRIMENAME":"Ocean Drive","ELEVTYP_F":0,"ELEVTYP_T":0},"geometry":{"type":"LineString","coordinates":[[-74.7320139270422,39.0885870097484],[-74.7314729796324,39.0892294758477]]}},{"type":"Feature","id":166239,"properties":{"OBJECTID":166239,"PRIMENAME":"Dune Drive","ELEVTYP_F":0,"ELEVTYP_T":0},"geometry":{"type":"LineString","coordinates":[[-74.7130609889151,39.1073905991048],[-74.7125148029015,39.1080249116607]]}},{"type":"Feature","id":167067,"properties":{"OBJECTID":167067,"PRIMENAME":"Ocean Drive","ELEVTYP_F":0,"ELEVTYP_T":0},"geometry":{"type":"LineString","coordinates":[[-74.7163333589574,39.1072184520276],[-74.71583341725,39.1078100806093],[-74.7157856150131,39.1078634100855]]}},{"type":"Feature","id":167581,"properties":{"OBJECTID":167581,"PRIMENAME":"Ocean Drive","ELEVTYP_F":0,"ELEVTYP_T":0},"geometry":{"type":"LineString","coordinates":[[-74.7428395190261,39.075735985616],[-74.7423222715865,39.0763500347195],[-74.7423045543233,39.076371049677]]}},{"type":"Feature","id":168702,"properties":{"OBJECTID":168702,"PRIMENAME":"Avalon Avenue","ELEVTYP_F":0,"ELEVTYP_T":0},"geometry":{"type":"LineString","coordinates":[[-74.7110468340353,39.1036046872432],[-74.7105050877537,39.1042469462465]]}},{"type":"Feature","id":169066,"properties":{"OBJECTID":169066,"PRIMENAME":"1st Avenue","ELEVTYP_F":0,"ELEVTYP_T":0},"geometry":{"type":"LineString","coordinates":[[-74.7106384607174,39.1070720139547],[-74.7111792019962,39.1064286853366]]}},{"type":"Feature","id":169745,"properties":{"OBJECTID":169745,"PRIMENAME":"Ocean Drive","ELEVTYP_F":0,"ELEVTYP_T":0},"geometry":{"type":"LineString","coordinates":[[-74.7450098100932,39.0731617583431],[-74.7444848827531,39.0737849500316],[-74.7444691314756,39.0738036261946]]}},{"type":"Feature","id":170309,"properties":{"OBJECTID":170309,"PRIMENAME":"1st Avenue","ELEVTYP_F":0,"ELEVTYP_T":0},"geometry":{"type":"LineString","coordinates":[[-74.7117207764364,39.1057846121385],[-74.712260315066,39.1051462226183]]}},{"type":"Feature","id":170820,"properties":{"OBJECTID":170820,"PRIMENAME":"7th Avenue","ELEVTYP_F":0,"ELEVTYP_T":0},"geometry":{"type":"LineString","coordinates":[[-74.728419577751,39.1066910517354],[-74.7282483767549,39.1068894140412]]}},{"type":"Feature","id":171318,"properties":{"OBJECTID":171318,"PRIMENAME":"1st Avenue","ELEVTYP_F":0,"ELEVTYP_T":0},"geometry":{"type":"LineString","coordinates":[[-74.7187525020383,39.0974352698641],[-74.7192949664693,39.0967929426315]]}},{"type":"Feature","id":173265,"properties":{"OBJECTID":173265,"PRIMENAME":"23rd Street West","ELEVTYP_F":0,"ELEVTYP_T":0},"geometry":{"type":"LineString","coordinates":[[-74.7190385253983,39.1003396164157],[-74.7177376088269,39.0996751828289],[-74.717132177913,39.0993662298614]]}},{"type":"Feature","id":174630,"properties":{"OBJECTID":174630,"PRIMENAME":"10th Street East","ELEVTYP_F":0,"ELEVTYP_T":0},"geometry":{"type":"LineString","coordinates":[[-74.7083458099851,39.1068213793126],[-74.708049117014,39.1066694902085],[-74.7072680038177,39.1062698312652],[-74.7067095310258,39.1059821857258]]}},{"type":"Feature","id":174715,"properties":{"OBJECTID":174715,"PRIMENAME":"14th Street West","ELEVTYP_F":0,"ELEVTYP_T":0},"geometry":{"type":"LineString","coordinates":[[-74.712260315066,39.1051462226183],[-74.7134199131366,39.1057361528098]]}},{"type":"Feature","id":175016,"properties":{"OBJECTID":175016,"PRIMENAME":"Dune Drive","ELEVTYP_F":0,"ELEVTYP_T":0},"geometry":{"type":"LineString","coordinates":[[-74.7309008641923,39.0861836538574],[-74.7303708026244,39.086823456753]]}},{"type":"Feature","id":175059,"properties":{"OBJECTID":175059,"PRIMENAME":"Dune Drive","ELEVTYP_F":0,"ELEVTYP_T":0},"geometry":{"type":"LineString","coordinates":[[-74.7135936698589,39.1067456543475],[-74.7130609889151,39.1073905991048]]}},{"type":"Feature","id":175724,"properties":{"OBJECTID":175724,"PRIMENAME":"51st Street","ELEVTYP_F":0,"ELEVTYP_T":0},"geometry":{"type":"LineString","coordinates":[[-74.7341544179207,39.0823349409137],[-74.7343306180481,39.0824246495543]]}},{"type":"Feature","id":175921,"properties":{"OBJECTID":175921,"PRIMENAME":"Dune Drive","ELEVTYP_F":0,"ELEVTYP_T":0},"geometry":{"type":"LineString","coordinates":[[-74.7493182508254,39.0643370526256],[-74.7487795573549,39.064982616159]]}},{"type":"Feature","id":175955,"properties":{"OBJECTID":175955,"PRIMENAME":"76th Street","ELEVTYP_F":0,"ELEVTYP_T":0},"geometry":{"type":"LineString","coordinates":[[-74.7476862388901,39.0662591080258],[-74.747541712462,39.0661853602308],[-74.74631366899,39.0655583746151]]}},{"type":"Feature","id":176003,"properties":{"OBJECTID":176003,"PRIMENAME":"Dune Drive","ELEVTYP_F":0,"ELEVTYP_T":0},"geometry":{"type":"LineString","coordinates":[[-74.7336182850309,39.0829747720269],[-74.7330943387968,39.0835955475774]]}},{"type":"Feature","id":176182,"properties":{"OBJECTID":176182,"PRIMENAME":"Ocean Drive","ELEVTYP_F":0,"ELEVTYP_T":0},"geometry":{"type":"LineString","coordinates":[[-74.7444691314756,39.0738036261946],[-74.7439260175379,39.0744472541362]]}},{"type":"Feature","id":176223,"properties":{"OBJECTID":176223,"PRIMENAME":"9th Street West","ELEVTYP_F":0,"ELEVTYP_T":0},"geometry":{"type":"LineString","coordinates":[[-74.7095623519564,39.1083625788144],[-74.7100865788239,39.1086315463431],[-74.7114364256704,39.1093162400222]]}},{"type":"Feature","id":176579,"properties":{"OBJECTID":176579,"PRIMENAME":"Ocean Drive","ELEVTYP_F":0,"ELEVTYP_T":0},"geometry":{"type":"LineString","coordinates":[[-74.7395921434931,39.0795891873601],[-74.7391057616685,39.0801691656966],[-74.7390508125656,39.0802342432635]]}},{"type":"Feature","id":178118,"properties":{"OBJECTID":178118,"PRIMENAME":"Inlet Drive North","ELEVTYP_F":0,"ELEVTYP_T":0},"geometry":{"type":"LineString","coordinates":[[-74.7129811588304,39.1133608005151],[-74.7130290492179,39.1133931957433],[-74.7132063750308,39.1135587174479],[-74.7136058255511,39.113951195869],[-74.7136260906358,39.1139711070828],[-74.7136948461468,39.1140384454716]]}},{"type":"Feature","id":178228,"properties":{"OBJECTID":178228,"PRIMENAME":"7th Street","ELEVTYP_F":0,"ELEVTYP_T":0},"geometry":{"type":"LineString","coordinates":[[-74.7104368651101,39.1106479432286],[-74.709769064707,39.110304962758],[-74.7084875424357,39.1096525555267]]}},{"type":"Feature","id":179000,"properties":{"OBJECTID":179000,"PRIMENAME":"3rd Avenue","ELEVTYP_F":0,"ELEVTYP_T":0},"geometry":{"type":"LineString","coordinates":[[-74.753661101168,39.0628881427075],[-74.7531246285305,39.0635302073537]]}},{"type":"Feature","id":179527,"properties":{"OBJECTID":179527,"PRIMENAME":"20th Street East","ELEVTYP_F":0,"ELEVTYP_T":0},"geometry":{"type":"LineString","coordinates":[[-74.7137521520314,39.1003971505724],[-74.7121145509269,39.0995587207093]]}},{"type":"Feature","id":179858,"properties":{"OBJECTID":179858,"PRIMENAME":"20th Street West","ELEVTYP_F":0,"ELEVTYP_T":0},"geometry":{"type":"LineString","coordinates":[[-74.7195680737892,39.1033771954957],[-74.71771091723,39.1024195416419],[-74.7175238517112,39.1023242549465]]}},{"type":"Feature","id":179879,"properties":{"OBJECTID":179879,"PRIMENAME":"36th Street","ELEVTYP_F":0,"ELEVTYP_T":0},"geometry":{"type":"LineString","coordinates":[[-74.7235871546052,39.0907174073324],[-74.7241594005168,39.0910093947514]]}},{"type":"Feature","id":180483,"properties":{"OBJECTID":180483,"PRIMENAME":"Ocean Drive","ELEVTYP_F":0,"ELEVTYP_T":0},"geometry":{"type":"LineString","coordinates":[[-74.718495205727,39.104653011158],[-74.7179527809346,39.1052958544841]]}},{"type":"Feature","id":180527,"properties":{"OBJECTID":180527,"PRIMENAME":"Channel Road","ELEVTYP_F":0,"ELEVTYP_T":0},"geometry":{"type":"LineString","coordinates":[[-74.7345157521492,39.1110286877959],[-74.7345907986409,39.1109045100229],[-74.734642585043,39.1108233223847],[-74.734674369461,39.1107577713486],[-74.7346982237861,39.1106921813164],[-74.7347059711137,39.1106266786586],[-74.7347137232171,39.1105518134885],[-74.7347175484067,39.1104831882819]]}},{"type":"Feature","id":181505,"properties":{"OBJECTID":181505,"PRIMENAME":"57th Street","ELEVTYP_F":0,"ELEVTYP_T":0},"geometry":{"type":"LineString","coordinates":[[-74.7395921434931,39.0795891873601],[-74.7404096774257,39.0799997596026]]}},{"type":"Feature","id":181618,"properties":{"OBJECTID":181618,"PRIMENAME":"74th Street","ELEVTYP_F":0,"ELEVTYP_T":0},"geometry":{"type":"LineString","coordinates":[[-74.7466122839506,39.0675440056712],[-74.7463453506195,39.0674076914902],[-74.7453123887018,39.0668814652791]]}},{"type":"Feature","id":181998,"properties":{"OBJECTID":181998,"PRIMENAME":"4th Avenue","ELEVTYP_F":0,"ELEVTYP_T":0},"geometry":{"type":"LineString","coordinates":[[-74.7373377127061,39.0857053168631],[-74.737258790304,39.0858000785087],[-74.736202620282,39.0870681646657],[-74.7348432636179,39.0886815678176],[-74.7347230804906,39.0888242063104],[-74.7335666037961,39.0901970378784],[-74.7335023088014,39.0902737470132]]}},{"type":"Feature","id":182383,"properties":{"OBJECTID":182383,"PRIMENAME":"7th Street","ELEVTYP_F":0,"ELEVTYP_T":0},"geometry":{"type":"LineString","coordinates":[[-74.7084875424357,39.1096525555267],[-74.707906563806,39.1093568007923]]}},{"type":"Feature","id":182886,"properties":{"OBJECTID":182886,"PRIMENAME":"Ocean Drive","ELEVTYP_F":0,"ELEVTYP_T":0},"geometry":{"type":"LineString","coordinates":[[-74.7293077226883,39.0918012659647],[-74.7288396335323,39.0923584017895],[-74.7287679231525,39.0924434971452]]}},{"type":"Feature","id":183346,"properties":{"OBJECTID":183346,"PRIMENAME":"8th Street","ELEVTYP_F":0,"ELEVTYP_T":0},"geometry":{"type":"LineString","coordinates":[[-74.7090251104153,39.1090075411223],[-74.709286097042,39.109141918044],[-74.7107060091643,39.1098616949243],[-74.7108920628691,39.1099572140626]]}},{"type":"Feature","id":183445,"properties":{"OBJECTID":183445,"PRIMENAME":"Dune Drive","ELEVTYP_F":0,"ELEVTYP_T":0},"geometry":{"type":"LineString","coordinates":[[-74.747146299674,39.0668991757788],[-74.7466122839506,39.0675440056712]]}},{"type":"Feature","id":183758,"properties":{"OBJECTID":183758,"PRIMENAME":"5th Avenue","ELEVTYP_F":0,"ELEVTYP_T":0},"geometry":{"type":"LineString","coordinates":[[-74.7241801615359,39.1048099030829],[-74.7244496222674,39.104489939464]]}},{"type":"Feature","id":184142,"properties":{"OBJECTID":184142,"PRIMENAME":"78th Street","ELEVTYP_F":0,"ELEVTYP_T":0},"geometry":{"type":"LineString","coordinates":[[-74.7487795573549,39.064982616159],[-74.7480987115804,39.0646355136622],[-74.7472354485899,39.0641735802281]]}},{"type":"Feature","id":185135,"properties":{"OBJECTID":185135,"PRIMENAME":"38th Street","ELEVTYP_F":0,"ELEVTYP_T":0},"geometry":{"type":"LineString","coordinates":[[-74.727110854489,39.0906742432823],[-74.727199049147,39.0907195418677],[-74.7272796920052,39.090760900375]]}},{"type":"Feature","id":185382,"properties":{"OBJECTID":185382,"PRIMENAME":"Ocean Drive","ELEVTYP_F":0,"ELEVTYP_T":0},"geometry":{"type":"LineString","coordinates":[[-74.7139430602392,39.1126675402631],[-74.7139628484268,39.1127076474814],[-74.7141846474569,39.1131505198542]]}},{"type":"Feature","id":187247,"properties":{"OBJECTID":187247,"PRIMENAME":"Dune Drive","ELEVTYP_F":0,"ELEVTYP_T":0},"geometry":{"type":"LineString","coordinates":[[-74.7325337839622,39.084249754942],[-74.7319915225458,39.084899145942]]}},{"type":"Feature","id":187381,"properties":{"OBJECTID":187381,"PRIMENAME":"Bayberry Road","ELEVTYP_F":0,"ELEVTYP_T":0},"geometry":{"type":"LineString","coordinates":[[-74.7298334363483,39.0874625040526],[-74.7299101649606,39.0875037315521],[-74.7299693646675,39.0875355211311],[-74.7299989651189,39.0875514159081]]}},{"type":"Feature","id":187668,"properties":{"OBJECTID":187668,"PRIMENAME":"42nd Street","ELEVTYP_F":0,"ELEVTYP_T":0},"geometry":{"type":"LineString","coordinates":[[-74.7335023088014,39.0902737470132],[-74.7348508249632,39.0909615347237],[-74.7348924192059,39.0909827479295],[-74.7355449499547,39.091319383565]]}},{"type":"Feature","id":191094,"properties":{"OBJECTID":191094,"PRIMENAME":"Dune Drive","ELEVTYP_F":0,"ELEVTYP_T":0},"geometry":{"type":"LineString","coordinates":[[-74.7487795573549,39.064982616159],[-74.7482283886759,39.0656191708388]]}},{"type":"Feature","id":191225,"properties":{"OBJECTID":191225,"PRIMENAME":"Dune Drive","ELEVTYP_F":0,"ELEVTYP_T":0},"geometry":{"type":"LineString","coordinates":[[-74.7368837557974,39.079111679642],[-74.736335463145,39.0797563533946]]}},{"type":"Feature","id":191306,"properties":{"OBJECTID":191306,"PRIMENAME":"51st Street","ELEVTYP_F":0,"ELEVTYP_T":0},"geometry":{"type":"LineString","coordinates":[[-74.7363428814201,39.0834471324871],[-74.736787029308,39.0836674335685]]}},{"type":"Feature","id":192411,"properties":{"OBJECTID":192411,"PRIMENAME":"Dune Drive","ELEVTYP_F":0,"ELEVTYP_T":0},"geometry":{"type":"LineString","coordinates":[[-74.7341544179207,39.0823349409137],[-74.7336182850309,39.0829747720269]]}},{"type":"Feature","id":192461,"properties":{"OBJECTID":192461,"PRIMENAME":"Sunset Drive","ELEVTYP_F":0,"ELEVTYP_T":0},"geometry":{"type":"LineString","coordinates":[[-74.7504040333143,39.0686306505069],[-74.750322873016,39.0686387054124],[-74.7501967390603,39.0686586912669],[-74.7500635034638,39.0686926680487],[-74.7499590458876,39.0687266100237],[-74.7498510450946,39.0687746461366],[-74.7497431133413,39.068842314293],[-74.7496532048903,39.0689071709401],[-74.7495633270165,39.0689804288078],[-74.7494972202743,39.0690327404633]]}},{"type":"Feature","id":192935,"properties":{"OBJECTID":192935,"PRIMENAME":"Ocean Drive","ELEVTYP_F":0,"ELEVTYP_T":0},"geometry":{"type":"LineString","coordinates":[[-74.7417577524925,39.0770190954227],[-74.7412302033419,39.0776442810399],[-74.7412148003014,39.0776625452439]]}},{"type":"Feature","id":193298,"properties":{"OBJECTID":193298,"PRIMENAME":"21st Street West","ELEVTYP_F":0,"ELEVTYP_T":0},"geometry":{"type":"LineString","coordinates":[[-74.7180857909395,39.1016960390143],[-74.718867166406,39.1020975197759],[-74.7201118288181,39.1027294818835]]}},{"type":"Feature","id":194228,"properties":{"OBJECTID":194228,"PRIMENAME":"56th Street","ELEVTYP_F":0,"ELEVTYP_T":0},"geometry":{"type":"LineString","coordinates":[[-74.7390508125656,39.0802342432635],[-74.7370465111724,39.0791960019305]]}},{"type":"Feature","id":194869,"properties":{"OBJECTID":194869,"PRIMENAME":"37th Street","ELEVTYP_F":0,"ELEVTYP_T":0},"geometry":{"type":"LineString","coordinates":[[-74.7267548834472,39.0914115232925],[-74.7266590330815,39.0913632736617],[-74.7265690751856,39.091318005125]]}},{"type":"Feature","id":195485,"properties":{"OBJECTID":195485,"PRIMENAME":"12th Street East","ELEVTYP_F":0,"ELEVTYP_T":0},"geometry":{"type":"LineString","coordinates":[[-74.709426676429,39.1055315293659],[-74.7077820177294,39.104689016329]]}},{"type":"Feature","id":196081,"properties":{"OBJECTID":196081,"PRIMENAME":"64th Street","ELEVTYP_F":0,"ELEVTYP_T":0},"geometry":{"type":"LineString","coordinates":[[-74.7438431641945,39.075296320311],[-74.7437982855251,39.0752964141472],[-74.7437175217197,39.0752686304293],[-74.7433803326709,39.0750939054113]]}},{"type":"Feature","id":197000,"properties":{"OBJECTID":197000,"PRIMENAME":"31st Street","ELEVTYP_F":0,"ELEVTYP_T":0},"geometry":{"type":"LineString","coordinates":[[-74.7233538128166,39.0951900140087],[-74.723483585506,39.0952557741746]]}},{"type":"Feature","id":199045,"properties":{"OBJECTID":199045,"PRIMENAME":"26th Street West","ELEVTYP_F":0,"ELEVTYP_T":0},"geometry":{"type":"LineString","coordinates":[[-74.720658103511,39.0984055291651],[-74.7187525020383,39.0974352698641]]}},{"type":"Feature","id":200510,"properties":{"OBJECTID":200510,"PRIMENAME":"6th Avenue","ELEVTYP_F":0,"ELEVTYP_T":0},"geometry":{"type":"LineString","coordinates":[[-74.7264871212586,39.1055266540159],[-74.7266962514851,39.105275693871],[-74.7267526543673,39.1052040568706]]}},{"type":"Feature","id":201906,"properties":{"OBJECTID":201906,"PRIMENAME":"44th Street","ELEVTYP_F":0,"ELEVTYP_T":0},"geometry":{"type":"LineString","coordinates":[[-74.7305459186393,39.0869137217968],[-74.7303708026244,39.086823456753]]}},{"type":"Feature","id":202529,"properties":{"OBJECTID":202529,"PRIMENAME":"Dune Drive","ELEVTYP_F":0,"ELEVTYP_T":0},"geometry":{"type":"LineString","coordinates":[[-74.7238892462021,39.0945487506908],[-74.7233538128166,39.0951900140087]]}},{"type":"Feature","id":202954,"properties":{"OBJECTID":202954,"PRIMENAME":"Avalon Avenue","ELEVTYP_F":0,"ELEVTYP_T":0},"geometry":{"type":"LineString","coordinates":[[-74.7169945379423,39.096538675962],[-74.7167017228035,39.0968853277333],[-74.7164551170724,39.0971798878517]]}},{"type":"Feature","id":203706,"properties":{"OBJECTID":203706,"PRIMENAME":"64th Street","ELEVTYP_F":0,"ELEVTYP_T":0},"geometry":{"type":"LineString","coordinates":[[-74.7413638540861,39.0740553230796],[-74.7412809647447,39.0740132095031],[-74.7411827264145,39.0739632190302]]}},{"type":"Feature","id":203755,"properties":{"OBJECTID":203755,"PRIMENAME":"37th Street","ELEVTYP_F":0,"ELEVTYP_T":0},"geometry":{"type":"LineString","coordinates":[[-74.7265690751856,39.091318005125],[-74.7256363328943,39.0908486080713],[-74.7247012290585,39.0903640512536]]}},{"type":"Feature","id":204284,"properties":{"OBJECTID":204284,"PRIMENAME":"35th Street","ELEVTYP_F":0,"ELEVTYP_T":0},"geometry":{"type":"LineString","coordinates":[[-74.7236243741999,39.0916473644815],[-74.7233295135631,39.091496664311],[-74.7227399714477,39.091206187785]]}},{"type":"Feature","id":206217,"properties":{"OBJECTID":206217,"PRIMENAME":"73rd Street","ELEVTYP_F":0,"ELEVTYP_T":0},"geometry":{"type":"LineString","coordinates":[[-74.7449002385671,39.0675906122135],[-74.7460507970683,39.0681925980336]]}},{"type":"Feature","id":207282,"properties":{"OBJECTID":207282,"PRIMENAME":"Avalon Avenue","ELEVTYP_F":0,"ELEVTYP_T":0},"geometry":{"type":"LineString","coordinates":[[-74.7164551170724,39.0971798878517],[-74.7159156945028,39.0978241177346]]}},{"type":"Feature","id":207871,"properties":{"OBJECTID":207871,"PRIMENAME":"29th Street West","ELEVTYP_F":0,"ELEVTYP_T":0},"geometry":{"type":"LineString","coordinates":[[-74.722410329596,39.0965490911575],[-74.7234840872906,39.0971004800052],[-74.7244260180019,39.0975789097316]]}},{"type":"Feature","id":209262,"properties":{"OBJECTID":209262,"PRIMENAME":"63rd Street","ELEVTYP_F":0,"ELEVTYP_T":0},"geometry":{"type":"LineString","coordinates":[[-74.7406533453718,39.074614519142],[-74.7407383179488,39.0746580846366],[-74.7408245964077,39.0747022779685]]}},{"type":"Feature","id":209811,"properties":{"OBJECTID":209811,"PRIMENAME":"23rd Street","ELEVTYP_F":0,"ELEVTYP_T":0},"geometry":{"type":"LineString","coordinates":[[-74.7215659794545,39.1016268727366],[-74.7212017281022,39.1014415644157]]}},{"type":"Feature","id":210051,"properties":{"OBJECTID":210051,"PRIMENAME":"40th Street","ELEVTYP_F":0,"ELEVTYP_T":0},"geometry":{"type":"LineString","coordinates":[[-74.7303893318006,39.0905154469833],[-74.7311696843575,39.090911575468],[-74.7324269871717,39.0915567275365]]}},{"type":"Feature","id":210370,"properties":{"OBJECTID":210370,"PRIMENAME":"51st Street","ELEVTYP_F":0,"ELEVTYP_T":0},"geometry":{"type":"LineString","coordinates":[[-74.7343306180481,39.0824246495543],[-74.7348233488167,39.082675430909],[-74.7362170052799,39.0833847288615],[-74.7363428814201,39.0834471324871]]}},{"type":"Feature","id":211057,"properties":{"OBJECTID":211057,"PRIMENAME":"59th Street","ELEVTYP_F":0,"ELEVTYP_T":0},"geometry":{"type":"LineString","coordinates":[[-74.7386584643829,39.0772737005015],[-74.7393985862858,39.0776468476933],[-74.7406734895303,39.0783045342132]]}},{"type":"Feature","id":211474,"properties":{"OBJECTID":211474,"PRIMENAME":"18th Street East","ELEVTYP_F":0,"ELEVTYP_T":0},"geometry":{"type":"LineString","coordinates":[[-74.7126697615601,39.1016789709855],[-74.7117764164391,39.1012243011052],[-74.7110500353332,39.1008488680533]]}},{"type":"Feature","id":211605,"properties":{"OBJECTID":211605,"PRIMENAME":"5th Avenue","ELEVTYP_F":0,"ELEVTYP_T":0},"geometry":{"type":"LineString","coordinates":[[-74.7247226597192,39.1041651082383],[-74.7249657805752,39.1038748212528]]}},{"type":"Feature","id":212398,"properties":{"OBJECTID":212398,"PRIMENAME":"2nd Avenue","ELEVTYP_F":0,"ELEVTYP_T":0},"geometry":{"type":"LineString","coordinates":[[-74.7509332522025,39.0624104791581],[-74.7509160330007,39.0624311097312],[-74.7508537078194,39.0625041535325],[-74.7503862619706,39.0630519773675]]}},{"type":"Feature","id":212627,"properties":{"OBJECTID":212627,"PRIMENAME":"21st Street","ELEVTYP_F":0,"ELEVTYP_T":0},"geometry":{"type":"LineString","coordinates":[[-74.7289134243493,39.1071701294305],[-74.7290437249093,39.1072941346071],[-74.7291556868358,39.1074006848291],[-74.7297611107531,39.1079959875258]]}},{"type":"Feature","id":212722,"properties":{"OBJECTID":212722,"PRIMENAME":"Dune Drive","ELEVTYP_F":0,"ELEVTYP_T":0},"geometry":{"type":"LineString","coordinates":[[-74.7314614492747,39.0855294265422],[-74.7309008641923,39.0861836538574]]}},{"type":"Feature","id":213187,"properties":{"OBJECTID":213187,"PRIMENAME":"6th Street","ELEVTYP_F":0,"ELEVTYP_T":0},"geometry":{"type":"LineString","coordinates":[[-74.7101333821387,39.1110215467465],[-74.7093482069117,39.1106245633123]]}},{"type":"Feature","id":213454,"properties":{"OBJECTID":213454,"PRIMENAME":"33rd Street","ELEVTYP_F":0,"ELEVTYP_T":0},"geometry":{"type":"LineString","coordinates":[[-74.7269507011329,39.0951878183348],[-74.7266017767801,39.0950186148225]]}},{"type":"Feature","id":213504,"properties":{"OBJECTID":213504,"PRIMENAME":"24th Street West","ELEVTYP_F":0,"ELEVTYP_T":0},"geometry":{"type":"LineString","coordinates":[[-74.7197009292088,39.0997550543405],[-74.7196333772086,39.0997208313519],[-74.7195855889959,39.0996966209712]]}},{"type":"Feature","id":213566,"properties":{"OBJECTID":213566,"PRIMENAME":"Pelican Drive","ELEVTYP_F":0,"ELEVTYP_T":0},"geometry":{"type":"LineString","coordinates":[[-74.7413321211473,39.0906115452222],[-74.7413452591812,39.0906103099891],[-74.7418521103647,39.0905633551568],[-74.7419898030321,39.0905505981033],[-74.7428656557299,39.0904694238959],[-74.7434585611562,39.0904144517174]]}},{"type":"Feature","id":213861,"properties":{"OBJECTID":213861,"PRIMENAME":"Ocean Drive","ELEVTYP_F":0,"ELEVTYP_T":0},"geometry":{"type":"LineString","coordinates":[[-74.7325517738511,39.0879474029585],[-74.7324284494809,39.0880947694319],[-74.7320139270422,39.0885870097484]]}},{"type":"Feature","id":213908,"properties":{"OBJECTID":213908,"PRIMENAME":"24th Street West","ELEVTYP_F":0,"ELEVTYP_T":0},"geometry":{"type":"LineString","coordinates":[[-74.7195855889959,39.0996966209712],[-74.7177668030702,39.0987754415743],[-74.7176722848891,39.098726688467]]}},{"type":"Feature","id":214582,"properties":{"OBJECTID":214582,"PRIMENAME":"Avalon Avenue","ELEVTYP_F":0,"ELEVTYP_T":0},"geometry":{"type":"LineString","coordinates":[[-74.7137521520314,39.1003971505724],[-74.7134347599972,39.1007728346109],[-74.713210837857,39.1010380208441]]}},{"type":"Feature","id":215824,"properties":{"OBJECTID":215824,"PRIMENAME":"16th Street West","ELEVTYP_F":0,"ELEVTYP_T":0},"geometry":{"type":"LineString","coordinates":[[-74.7153764155284,39.1048999497685],[-74.7153034935906,39.1048626866555],[-74.7152276777146,39.1048238910915]]}},{"type":"Feature","id":215902,"properties":{"OBJECTID":215902,"PRIMENAME":"1st Avenue","ELEVTYP_F":0,"ELEVTYP_T":0},"geometry":{"type":"LineString","coordinates":[[-74.7252391695587,39.0897288986004],[-74.7257897374567,39.0890789468109]]}},{"type":"Feature","id":216632,"properties":{"OBJECTID":216632,"PRIMENAME":"1st Avenue","ELEVTYP_F":0,"ELEVTYP_T":0},"geometry":{"type":"LineString","coordinates":[[-74.717132177913,39.0993662298614],[-74.7174773245057,39.0989601694592],[-74.7176722848891,39.098726688467]]}},{"type":"Feature","id":216807,"properties":{"OBJECTID":216807,"PRIMENAME":"60th Street","ELEVTYP_F":0,"ELEVTYP_T":0},"geometry":{"type":"LineString","coordinates":[[-74.7390147691608,39.0765367115927],[-74.7381608454109,39.0761014085476]]}},{"type":"Feature","id":216973,"properties":{"OBJECTID":216973,"PRIMENAME":"Old Avalon Boulevard","ELEVTYP_F":0,"ELEVTYP_T":0},"geometry":{"type":"LineString","coordinates":[[-74.7487974142717,39.1154946750976],[-74.7480832554609,39.1152749141631],[-74.7472414621477,39.1150115150701],[-74.7463756162609,39.1147419547865],[-74.7456139868321,39.1145096212059],[-74.7447843015589,39.1142462328556],[-74.7441830457167,39.1140634446071],[-74.7434454795502,39.1138341759513],[-74.7426758723591,39.1135924493558],[-74.7422429886045,39.1134592181528],[-74.7419811946969,39.1133768065141],[-74.7415735918006,39.1132484948135],[-74.740940294234,39.113059550252],[-74.7404252744684,39.1128991341101]]}},{"type":"Feature","id":217176,"properties":{"OBJECTID":217176,"PRIMENAME":"14th Street West","ELEVTYP_F":0,"ELEVTYP_T":0},"geometry":{"type":"LineString","coordinates":[[-74.7105050877537,39.1042469462465],[-74.7114202940952,39.1047189389984],[-74.712260315066,39.1051462226183]]}},{"type":"Feature","id":217532,"properties":{"OBJECTID":217532,"PRIMENAME":"Ocean Drive","ELEVTYP_F":0,"ELEVTYP_T":0},"geometry":{"type":"LineString","coordinates":[[-74.7276806346681,39.0937343367494],[-74.7275720993375,39.0938631620278],[-74.7271402868954,39.0943795268783]]}},{"type":"Feature","id":217754,"properties":{"OBJECTID":217754,"PRIMENAME":"Sunset Drive","ELEVTYP_F":0,"ELEVTYP_T":0},"geometry":{"type":"LineString","coordinates":[[-74.7549462435765,39.0635413682699],[-74.7554857138686,39.0629048902067]]}},{"type":"Feature","id":217981,"properties":{"OBJECTID":217981,"PRIMENAME":"37th Street","ELEVTYP_F":0,"ELEVTYP_T":0},"geometry":{"type":"LineString","coordinates":[[-74.7289453801292,39.0925347481326],[-74.7287679231525,39.0924434971452]]}},{"type":"Feature","id":219344,"properties":{"OBJECTID":219344,"PRIMENAME":"25th Street West","ELEVTYP_F":0,"ELEVTYP_T":0},"geometry":{"type":"LineString","coordinates":[[-74.7201174447824,39.0990503842322],[-74.7201693973467,39.0990769206334],[-74.7202356100925,39.0991107332566]]}},{"type":"Feature","id":219695,"properties":{"OBJECTID":219695,"PRIMENAME":"80th Street","ELEVTYP_F":0,"ELEVTYP_T":0},"geometry":{"type":"LineString","coordinates":[[-74.7520338312323,39.0648235113107],[-74.7524080354614,39.0650152387482],[-74.7537288999318,39.0656893098462],[-74.7541370817381,39.0658976100432]]}},{"type":"Feature","id":219697,"properties":{"OBJECTID":219697,"PRIMENAME":"71st Street","ELEVTYP_F":0,"ELEVTYP_T":0},"geometry":{"type":"LineString","coordinates":[[-74.7471673699393,39.0705976485912],[-74.7455025473542,39.0697366762014],[-74.7451531059494,39.069557149737]]}},{"type":"Feature","id":220295,"properties":{"OBJECTID":220295,"PRIMENAME":"Dune Drive","ELEVTYP_F":0,"ELEVTYP_T":0},"geometry":{"type":"LineString","coordinates":[[-74.7101333821387,39.1110215467465],[-74.7101358156704,39.1110178768133],[-74.7104368651101,39.1106479432286]]}},{"type":"Feature","id":221804,"properties":{"OBJECTID":221804,"PRIMENAME":"3rd Avenue","ELEVTYP_F":0,"ELEVTYP_T":0},"geometry":{"type":"LineString","coordinates":[[-74.7531246285305,39.0635302073537],[-74.7529011224175,39.0637976945293],[-74.7525734676769,39.0641843556091]]}},{"type":"Feature","id":221849,"properties":{"OBJECTID":221849,"PRIMENAME":"28th Street West","ELEVTYP_F":0,"ELEVTYP_T":0},"geometry":{"type":"LineString","coordinates":[[-74.7218634813393,39.0971884477026],[-74.7217906332841,39.0971508037901],[-74.7217315498032,39.0971202458593]]}},{"type":"Feature","id":222045,"properties":{"OBJECTID":222045,"PRIMENAME":"21st Street West","ELEVTYP_F":0,"ELEVTYP_T":0},"geometry":{"type":"LineString","coordinates":[[-74.7142968620902,39.0997523717102],[-74.7144370433274,39.0998227080824],[-74.7160456072003,39.1006502308703]]}},{"type":"Feature","id":222750,"properties":{"OBJECTID":222750,"PRIMENAME":"45th Street","ELEVTYP_F":0,"ELEVTYP_T":0},"geometry":{"type":"LineString","coordinates":[[-74.7310677167442,39.08626855281],[-74.7330939516759,39.0872994385898]]}},{"type":"Feature","id":223575,"properties":{"OBJECTID":223575,"PRIMENAME":"47th Street","ELEVTYP_F":0,"ELEVTYP_T":0},"geometry":{"type":"LineString","coordinates":[[-74.7321594698783,39.0849849744562],[-74.7341765225511,39.0860156131214]]}},{"type":"Feature","id":224255,"properties":{"OBJECTID":224255,"PRIMENAME":"28th Street West","ELEVTYP_F":0,"ELEVTYP_T":0},"geometry":{"type":"LineString","coordinates":[[-74.7198394135025,39.0961452003765],[-74.7181896500425,39.0953076474609],[-74.7180812680011,39.0952520552218]]}},{"type":"Feature","id":224317,"properties":{"OBJECTID":224317,"PRIMENAME":"22nd Street","ELEVTYP_F":0,"ELEVTYP_T":0},"geometry":{"type":"LineString","coordinates":[[-74.7267526543673,39.1052040568706],[-74.7271542891594,39.1054092908001],[-74.7274398031454,39.1055588739465],[-74.7275040878728,39.1055931257695],[-74.7275614934528,39.1056360958757],[-74.7275967221739,39.1056867691567],[-74.7276330858821,39.105761740577],[-74.7277098616799,39.1059210938356],[-74.7277622802667,39.1060023208692],[-74.7277855696024,39.1060442044214],[-74.7278147548836,39.1060897816341],[-74.7278872426887,39.1061646553498],[-74.7279348670116,39.1062125657166],[-74.7280765409381,39.1063550901058],[-74.728419577751,39.1066910517354]]}},{"type":"Feature","id":224367,"properties":{"OBJECTID":224367,"PRIMENAME":"30th Street West","ELEVTYP_F":0,"ELEVTYP_T":0},"geometry":{"type":"LineString","coordinates":[[-74.7228033299781,39.0958439352749],[-74.7226127618501,39.0957295518018],[-74.7217763568261,39.0953044494471],[-74.7209046743076,39.0948628782081]]}},{"type":"Feature","id":224990,"properties":{"OBJECTID":224990,"PRIMENAME":"61st Street","ELEVTYP_F":0,"ELEVTYP_T":0},"geometry":{"type":"LineString","coordinates":[[-74.739557475974,39.0759007134214],[-74.7396514111616,39.0759484340321],[-74.7397336660186,39.0759901662929]]}},{"type":"Feature","id":225667,"properties":{"OBJECTID":225667,"PRIMENAME":"17th Street West","ELEVTYP_F":0,"ELEVTYP_T":0},"geometry":{"type":"LineString","coordinates":[[-74.715767512346,39.1041800760341],[-74.7158459744723,39.1042200473643],[-74.7159278607285,39.1042617140017]]}},{"type":"Feature","id":226267,"properties":{"OBJECTID":226267,"PRIMENAME":"Dune Drive","ELEVTYP_F":0,"ELEVTYP_T":0},"geometry":{"type":"LineString","coordinates":[[-74.720658103511,39.0984055291651],[-74.7201174447824,39.0990503842322]]}},{"type":"Feature","id":226697,"properties":{"OBJECTID":226697,"PRIMENAME":"21st Street","ELEVTYP_F":0,"ELEVTYP_T":0},"geometry":{"type":"LineString","coordinates":[[-74.7282483767549,39.1068894140412],[-74.7286408796878,39.1070889501816],[-74.7287533981269,39.1071293666897],[-74.7288458483644,39.1071542270116],[-74.7289134243493,39.1071701294305]]}},{"type":"Feature","id":226732,"properties":{"OBJECTID":226732,"PRIMENAME":"80th Street","ELEVTYP_F":0,"ELEVTYP_T":0},"geometry":{"type":"LineString","coordinates":[[-74.7480667280771,39.0627832044378],[-74.7489165341332,39.063217922344],[-74.7498530388308,39.063703182589]]}},{"type":"Feature","id":226944,"properties":{"OBJECTID":226944,"PRIMENAME":"Dune Drive","ELEVTYP_F":0,"ELEVTYP_T":0},"geometry":{"type":"LineString","coordinates":[[-74.7401164868589,39.0752553976139],[-74.739557475974,39.0759007134214]]}},{"type":"Feature","id":228052,"properties":{"OBJECTID":228052,"PRIMENAME":"29th Street East","ELEVTYP_F":0,"ELEVTYP_T":0},"geometry":{"type":"LineString","coordinates":[[-74.717962876614,39.0942804302412],[-74.7186190528214,39.0946153969912]]}},{"type":"Feature","id":229898,"properties":{"OBJECTID":229898,"PRIMENAME":"44th Street","ELEVTYP_F":0,"ELEVTYP_T":0},"geometry":{"type":"LineString","coordinates":[[-74.7325517738511,39.0879474029585],[-74.7305459186393,39.0869137217968]]}},{"type":"Feature","id":229994,"properties":{"OBJECTID":229994,"PRIMENAME":"22nd Street West","ELEVTYP_F":0,"ELEVTYP_T":0},"geometry":{"type":"LineString","coordinates":[[-74.7184580305561,39.1009666367741],[-74.7185218437771,39.1009992188904],[-74.71859896333,39.101038614365]]}},{"type":"Feature","id":230074,"properties":{"OBJECTID":230074,"PRIMENAME":"Dune Drive","ELEVTYP_F":0,"ELEVTYP_T":0},"geometry":{"type":"LineString","coordinates":[[-74.7476862388901,39.0662591080258],[-74.747146299674,39.0668991757788]]}},{"type":"Feature","id":230092,"properties":{"OBJECTID":230092,"PRIMENAME":"Dune Drive","ELEVTYP_F":0,"ELEVTYP_T":0},"geometry":{"type":"LineString","coordinates":[[-74.715767512346,39.1041800760341],[-74.7152276777146,39.1048238910915]]}},{"type":"Feature","id":230638,"properties":{"OBJECTID":230638,"PRIMENAME":"1st Avenue","ELEVTYP_F":0,"ELEVTYP_T":0},"geometry":{"type":"LineString","coordinates":[[-74.7209046743076,39.0948628782081],[-74.7209091682794,39.0948574609934],[-74.7214524362939,39.0942255015432]]}},{"type":"Feature","id":231362,"properties":{"OBJECTID":231362,"PRIMENAME":"4th Avenue","ELEVTYP_F":0,"ELEVTYP_T":0},"geometry":{"type":"LineString","coordinates":[[-74.7218789541211,39.1040923549214],[-74.7216116697827,39.1044131048434]]}},{"type":"Feature","id":231807,"properties":{"OBJECTID":231807,"PRIMENAME":"19th Street West","ELEVTYP_F":0,"ELEVTYP_T":0},"geometry":{"type":"LineString","coordinates":[[-74.7149655841051,39.1019331941792],[-74.7166045855735,39.1027740519953],[-74.7168351014752,39.1028924616036],[-74.7168564178688,39.1029034168097]]}},{"type":"Feature","id":232257,"properties":{"OBJECTID":232257,"PRIMENAME":"Pelican Drive","ELEVTYP_F":0,"ELEVTYP_T":0},"geometry":{"type":"LineString","coordinates":[[-74.7385589212115,39.0928722636472],[-74.7388121149045,39.0925881326678],[-74.7389038765605,39.0924765456265],[-74.7389048252154,39.0924753923969],[-74.7391437251468,39.0921849470854],[-74.7398404752063,39.0913471734009],[-74.7398919551784,39.0912852322672],[-74.7400748015263,39.0910819971714],[-74.7401450796823,39.0909945087535]]}},{"type":"Feature","id":232439,"properties":{"OBJECTID":232439,"PRIMENAME":"39th Street","ELEVTYP_F":0,"ELEVTYP_T":0},"geometry":{"type":"LineString","coordinates":[[-74.7253015822614,39.088843907033],[-74.7257897374567,39.0890789468109]]}},{"type":"Feature","id":232891,"properties":{"OBJECTID":232891,"PRIMENAME":"16th Street West","ELEVTYP_F":0,"ELEVTYP_T":0},"geometry":{"type":"LineString","coordinates":[[-74.7174191980987,39.1059292063217],[-74.7155897452391,39.1050090571508],[-74.7153764155284,39.1048999497685]]}},{"type":"Feature","id":233022,"properties":{"OBJECTID":233022,"PRIMENAME":"Barry Road","ELEVTYP_F":0,"ELEVTYP_T":0},"geometry":{"type":"LineString","coordinates":[[-74.7264871212586,39.1055266540159],[-74.7252299153221,39.104884487921],[-74.7245263615005,39.104529303793],[-74.7244496222674,39.104489939464]]}},{"type":"Feature","id":234441,"properties":{"OBJECTID":234441,"PRIMENAME":"55th Street","ELEVTYP_F":0,"ELEVTYP_T":0},"geometry":{"type":"LineString","coordinates":[[-74.7364984661446,39.0798405110801],[-74.738507811879,39.0808778730597]]}},{"type":"Feature","id":234565,"properties":{"OBJECTID":234565,"PRIMENAME":"42nd Street","ELEVTYP_F":0,"ELEVTYP_T":0},"geometry":{"type":"LineString","coordinates":[[-74.7314729796324,39.0892294758477],[-74.7316856196294,39.0893392428132],[-74.7332163278164,39.090127886202],[-74.7335023088014,39.0902737470132]]}},{"type":"Feature","id":234927,"properties":{"OBJECTID":234927,"PRIMENAME":"15th Street East","ELEVTYP_F":0,"ELEVTYP_T":0},"geometry":{"type":"LineString","coordinates":[[-74.7110468340353,39.1036046872432],[-74.7093906706313,39.1027598833234]]}},{"type":"Feature","id":235143,"properties":{"OBJECTID":235143,"PRIMENAME":"Ocean Drive","ELEVTYP_F":0,"ELEVTYP_T":0},"geometry":{"type":"LineString","coordinates":[[-74.7190316476866,39.1040161067698],[-74.7188304239236,39.1042557255542],[-74.718495205727,39.104653011158]]}},{"type":"Feature","id":236148,"properties":{"OBJECTID":236148,"PRIMENAME":"1st Avenue","ELEVTYP_F":0,"ELEVTYP_T":0},"geometry":{"type":"LineString","coordinates":[[-74.7220013730621,39.0935839733972],[-74.7225438689941,39.0929365516312]]}},{"type":"Feature","id":236281,"properties":{"OBJECTID":236281,"PRIMENAME":"Dune Drive","ELEVTYP_F":0,"ELEVTYP_T":0},"geometry":{"type":"LineString","coordinates":[[-74.7114364256704,39.1093162400222],[-74.7114350210984,39.1093178902194],[-74.7108920628691,39.1099572140626]]}},{"type":"Feature","id":236620,"properties":{"OBJECTID":236620,"PRIMENAME":"Dune Drive","ELEVTYP_F":0,"ELEVTYP_T":0},"geometry":{"type":"LineString","coordinates":[[-74.7281998407314,39.0893967213955],[-74.7276627046609,39.0900429242608]]}},{"type":"Feature","id":236639,"properties":{"OBJECTID":236639,"PRIMENAME":"3rd Avenue","ELEVTYP_F":0,"ELEVTYP_T":0},"geometry":{"type":"LineString","coordinates":[[-74.7543832159296,39.0620325133604],[-74.7542003553369,39.0622488422997]]}},{"type":"Feature","id":237357,"properties":{"OBJECTID":237357,"PRIMENAME":"Avalon Avenue","ELEVTYP_F":0,"ELEVTYP_T":0},"geometry":{"type":"LineString","coordinates":[[-74.719697417568,39.0933319898357],[-74.7191643703761,39.0939676839505]]}},{"type":"Feature","id":237710,"properties":{"OBJECTID":237710,"PRIMENAME":"5th Avenue","ELEVTYP_F":0,"ELEVTYP_T":0},"geometry":{"type":"LineString","coordinates":[[-74.7355449499547,39.091319383565],[-74.7358899909127,39.0909038788974],[-74.7364181772842,39.0902677892053],[-74.7373535947194,39.0891615015761],[-74.738603505191,39.0876786644187],[-74.7393070291852,39.0868408371124],[-74.7393729547099,39.0867623250984]]}},{"type":"Feature","id":238054,"properties":{"OBJECTID":238054,"PRIMENAME":"Ocean Drive","ELEVTYP_F":0,"ELEVTYP_T":0},"geometry":{"type":"LineString","coordinates":[[-74.738507811879,39.0808778730597],[-74.7379673680045,39.0815196546097]]}},{"type":"Feature","id":238293,"properties":{"OBJECTID":238293,"PRIMENAME":"Harbor Avenue","ELEVTYP_F":0,"ELEVTYP_T":0},"geometry":{"type":"LineString","coordinates":[[-74.7211604517534,39.1032652056082],[-74.7216305771047,39.1027083724118],[-74.7216594522405,39.1026787723977],[-74.7216895755334,39.1026652609543],[-74.7217093595207,39.1026584967],[-74.7217395228781,39.1026577799152]]}},{"type":"Feature","id":238328,"properties":{"OBJECTID":238328,"PRIMENAME":"66th Street","ELEVTYP_F":0,"ELEVTYP_T":0},"geometry":{"type":"LineString","coordinates":[[-74.7444691314756,39.0738036261946],[-74.7450090677576,39.0740777331376]]}},{"type":"Feature","id":238480,"properties":{"OBJECTID":238480,"PRIMENAME":"Sunset Drive","ELEVTYP_F":0,"ELEVTYP_T":0},"geometry":{"type":"LineString","coordinates":[[-74.7519508658002,39.0675230385786],[-74.7519021521702,39.0676515919759],[-74.751716325655,39.0681101311396],[-74.7516878678071,39.0682198056738],[-74.7516769743838,39.0682964089095]]}},{"type":"Feature","id":238772,"properties":{"OBJECTID":238772,"PRIMENAME":"6th Street","ELEVTYP_F":0,"ELEVTYP_T":0},"geometry":{"type":"LineString","coordinates":[[-74.7128360780254,39.1127949121265],[-74.711997722111,39.1123663393643]]}},{"type":"Feature","id":238822,"properties":{"OBJECTID":238822,"PRIMENAME":"1st Avenue","ELEVTYP_F":0,"ELEVTYP_T":0},"geometry":{"type":"LineString","coordinates":[[-74.7225438689941,39.0929365516312],[-74.7230830553865,39.0922930324892]]}},{"type":"Feature","id":239879,"properties":{"OBJECTID":239879,"PRIMENAME":"70th Street","ELEVTYP_F":0,"ELEVTYP_T":0},"geometry":{"type":"LineString","coordinates":[[-74.7434722303414,39.0696172348684],[-74.7444501463862,39.0701182479063]]}},{"type":"Feature","id":239935,"properties":{"OBJECTID":239935,"PRIMENAME":"32nd Street","ELEVTYP_F":0,"ELEVTYP_T":0},"geometry":{"type":"LineString","coordinates":[[-74.7238892462021,39.0945487506908],[-74.7234726518261,39.0943372719279]]}},{"type":"Feature","id":240005,"properties":{"OBJECTID":240005,"PRIMENAME":"39th Street","ELEVTYP_F":0,"ELEVTYP_T":0},"geometry":{"type":"LineString","coordinates":[[-74.7278200747463,39.0901355071428],[-74.7279492752095,39.090211477357],[-74.7290481268151,39.0907814934258],[-74.7296082070186,39.0910631263076],[-74.7297450252485,39.0911293872704],[-74.7298362446486,39.0911720699347]]}},{"type":"Feature","id":240205,"properties":{"OBJECTID":240205,"PRIMENAME":"37th Street","ELEVTYP_F":0,"ELEVTYP_T":0},"geometry":{"type":"LineString","coordinates":[[-74.7247012290585,39.0903640512536],[-74.7239818411611,39.0899912654837]]}},{"type":"Feature","id":240270,"properties":{"OBJECTID":240270,"PRIMENAME":"Leanord Lane","ELEVTYP_F":0,"ELEVTYP_T":0},"geometry":{"type":"LineString","coordinates":[[-74.7493332156199,39.1148001654616],[-74.7495602435659,39.115121979847]]}},{"type":"Feature","id":240479,"properties":{"OBJECTID":240479,"PRIMENAME":"75th Street","ELEVTYP_F":0,"ELEVTYP_T":0},"geometry":{"type":"LineString","coordinates":[[-74.7458003654624,39.066203075209],[-74.747146299674,39.0668991757788]]}},{"type":"Feature","id":240947,"properties":{"OBJECTID":240947,"PRIMENAME":"1st Avenue","ELEVTYP_F":0,"ELEVTYP_T":0},"geometry":{"type":"LineString","coordinates":[[-74.7149655841051,39.1019331941792],[-74.7153299884984,39.1015014053739],[-74.7155042862591,39.1012940773502]]}},{"type":"Feature","id":241130,"properties":{"OBJECTID":241130,"PRIMENAME":"1st Avenue","ELEVTYP_F":0,"ELEVTYP_T":0},"geometry":{"type":"LineString","coordinates":[[-74.7241594005168,39.0910093947514],[-74.7246394841932,39.0904369336927],[-74.7247012290585,39.0903640512536]]}},{"type":"Feature","id":242562,"properties":{"OBJECTID":242562,"PRIMENAME":"Dune Drive","ELEVTYP_F":0,"ELEVTYP_T":0},"geometry":{"type":"LineString","coordinates":[[-74.7379552237583,39.0778208106983],[-74.7374076225038,39.0784765812921]]}},{"type":"Feature","id":243246,"properties":{"OBJECTID":243246,"PRIMENAME":"39th Street","ELEVTYP_F":0,"ELEVTYP_T":0},"geometry":{"type":"LineString","coordinates":[[-74.7276627046609,39.0900429242608],[-74.7277340469802,39.0900849050888],[-74.7278200747463,39.0901355071428]]}},{"type":"Feature","id":243858,"properties":{"OBJECTID":243858,"PRIMENAME":"38th Street","ELEVTYP_F":0,"ELEVTYP_T":0},"geometry":{"type":"LineString","coordinates":[[-74.7272796920052,39.090760900375],[-74.7290383653158,39.0916633798113],[-74.7293077226883,39.0918012659647]]}},{"type":"Feature","id":244302,"properties":{"OBJECTID":244302,"PRIMENAME":"78th Street","ELEVTYP_F":0,"ELEVTYP_T":0},"geometry":{"type":"LineString","coordinates":[[-74.7489351619145,39.0650619132723],[-74.7488534426687,39.0650202412247],[-74.7487795573549,39.064982616159]]}},{"type":"Feature","id":244573,"properties":{"OBJECTID":244573,"PRIMENAME":"Sunset Drive","ELEVTYP_F":0,"ELEVTYP_T":0},"geometry":{"type":"LineString","coordinates":[[-74.7523777250914,39.0658981922086],[-74.7525451855038,39.0659834972487],[-74.752592140976,39.0660143128464],[-74.7526211221435,39.0660423675099],[-74.7526319287175,39.0660756675714],[-74.7526320560803,39.0660760618694],[-74.7526322062225,39.0661181827504],[-74.7526071618973,39.0661772987569],[-74.7524136132771,39.0664925246816],[-74.7523060676982,39.0666670067808],[-74.7522594473591,39.0667401731517],[-74.7522516877971,39.0667571043595]]}},{"type":"Feature","id":244618,"properties":{"OBJECTID":244618,"PRIMENAME":"46th Street","ELEVTYP_F":0,"ELEVTYP_T":0},"geometry":{"type":"LineString","coordinates":[[-74.7336390064454,39.0866505866436],[-74.7316209647394,39.0856115664592]]}},{"type":"Feature","id":245236,"properties":{"OBJECTID":245236,"PRIMENAME":"52nd Street","ELEVTYP_F":0,"ELEVTYP_T":0},"geometry":{"type":"LineString","coordinates":[[-74.7348792862837,39.0817647729513],[-74.7348202278212,39.0817340017067],[-74.7347088333758,39.081675959817]]}},{"type":"Feature","id":247756,"properties":{"OBJECTID":247756,"PRIMENAME":"Dune Drive","ELEVTYP_F":0,"ELEVTYP_T":0},"geometry":{"type":"LineString","coordinates":[[-74.7179017254335,39.1014327255483],[-74.7177766392329,39.1015375252503]]}},{"type":"Feature","id":248952,"properties":{"OBJECTID":248952,"PRIMENAME":"Dune Drive","ELEVTYP_F":0,"ELEVTYP_T":0},"geometry":{"type":"LineString","coordinates":[[-74.7374076225038,39.0784765812921],[-74.7368837557974,39.079111679642]]}},{"type":"Feature","id":249079,"properties":{"OBJECTID":249079,"PRIMENAME":"72nd Street","ELEVTYP_F":0,"ELEVTYP_T":0},"geometry":{"type":"LineString","coordinates":[[-74.7456946394026,39.0689185979333],[-74.7456088940484,39.0688746808928],[-74.7455240321491,39.0688312294716]]}},{"type":"Feature","id":249135,"properties":{"OBJECTID":249135,"PRIMENAME":"Ocean Drive","ELEVTYP_F":0,"ELEVTYP_T":0},"geometry":{"type":"LineString","coordinates":[[-74.7309318092788,39.0898718019882],[-74.7303893318006,39.0905154469833]]}},{"type":"Feature","id":249297,"properties":{"OBJECTID":249297,"PRIMENAME":"Ocean Drive","ELEVTYP_F":0,"ELEVTYP_T":0},"geometry":{"type":"LineString","coordinates":[[-74.7132207258466,39.1111514320381],[-74.7133074413587,39.1113667902462],[-74.713402369512,39.111593638065],[-74.7136351804634,39.1120439053864],[-74.7137932330226,39.1123640486771]]}},{"type":"Feature","id":249592,"properties":{"OBJECTID":249592,"PRIMENAME":"20th Street","ELEVTYP_F":0,"ELEVTYP_T":0},"geometry":{"type":"LineString","coordinates":[[-74.7243296339566,39.1057931855245],[-74.7236443558903,39.1054462262454]]}},{"type":"Feature","id":250370,"properties":{"OBJECTID":250370,"PRIMENAME":"Dune Drive","ELEVTYP_F":0,"ELEVTYP_T":0},"geometry":{"type":"LineString","coordinates":[[-74.7254901729685,39.0926053490158],[-74.7249657622358,39.0932574727594]]}},{"type":"Feature","id":251257,"properties":{"OBJECTID":251257,"PRIMENAME":"Ocean Drive","ELEVTYP_F":0,"ELEVTYP_T":0},"geometry":{"type":"LineString","coordinates":[[-74.7390508125656,39.0802342432635],[-74.7386962389606,39.0806540889596],[-74.738507811879,39.0808778730597]]}},{"type":"Feature","id":251629,"properties":{"OBJECTID":251629,"PRIMENAME":"Avalon Avenue","ELEVTYP_F":0,"ELEVTYP_T":0},"geometry":{"type":"LineString","coordinates":[[-74.7175363802909,39.0958970993605],[-74.7169945379423,39.096538675962]]}},{"type":"Feature","id":252175,"properties":{"OBJECTID":252175,"PRIMENAME":"7th Street","ELEVTYP_F":0,"ELEVTYP_T":0},"geometry":{"type":"LineString","coordinates":[[-74.7125398041414,39.1117258591416],[-74.7115372532501,39.1112131214896],[-74.7104368651101,39.1106479432286]]}},{"type":"Feature","id":253604,"properties":{"OBJECTID":253604,"PRIMENAME":"Dune Drive","ELEVTYP_F":0,"ELEVTYP_T":0},"geometry":{"type":"LineString","coordinates":[[-74.7190385253983,39.1003396164157],[-74.7184580305561,39.1009666367741]]}},{"type":"Feature","id":253779,"properties":{"OBJECTID":253779,"PRIMENAME":"74th Street","ELEVTYP_F":0,"ELEVTYP_T":0},"geometry":{"type":"LineString","coordinates":[[-74.7494972202743,39.0690327404633],[-74.7487958297471,39.0686650927755]]}},{"type":"Feature","id":253932,"properties":{"OBJECTID":253932,"PRIMENAME":"Ocean Drive","ELEVTYP_F":0,"ELEVTYP_T":0},"geometry":{"type":"LineString","coordinates":[[-74.7477025928973,39.0699605026905],[-74.7471673699393,39.0705976485912]]}},{"type":"Feature","id":254359,"properties":{"OBJECTID":254359,"PRIMENAME":"Avalon Avenue","ELEVTYP_F":0,"ELEVTYP_T":0},"geometry":{"type":"LineString","coordinates":[[-74.709426676429,39.1055315293659],[-74.7091285631957,39.1058875075569],[-74.7088883911871,39.1061741041649]]}},{"type":"Feature","id":255464,"properties":{"OBJECTID":255464,"PRIMENAME":"Old Avalon Boulevard","ELEVTYP_F":0,"ELEVTYP_T":0},"geometry":{"type":"LineString","coordinates":[[-74.7404252744684,39.1128991341101],[-74.7400945713502,39.1127961345413],[-74.7394893363638,39.1126070963504],[-74.738948218791,39.1124397529197],[-74.7381265321447,39.1121825065771],[-74.7379035920946,39.1121145370392]]}},{"type":"Feature","id":255517,"properties":{"OBJECTID":255517,"PRIMENAME":"1st Avenue","ELEVTYP_F":0,"ELEVTYP_T":0},"geometry":{"type":"LineString","coordinates":[[-74.7111792019962,39.1064286853366],[-74.7117010400588,39.1058079042673],[-74.7117207764364,39.1057846121385]]}},{"type":"Feature","id":255876,"properties":{"OBJECTID":255876,"PRIMENAME":"13th Street West","ELEVTYP_F":0,"ELEVTYP_T":0},"geometry":{"type":"LineString","coordinates":[[-74.7117207764364,39.1057846121385],[-74.7121299684454,39.1059967485817],[-74.7135936698589,39.1067456543475]]}},{"type":"Feature","id":256966,"properties":{"OBJECTID":256966,"PRIMENAME":"Ocean Drive","ELEVTYP_F":0,"ELEVTYP_T":0},"geometry":{"type":"LineString","coordinates":[[-74.7141846474569,39.1131505198542],[-74.7142818778139,39.1133446880427],[-74.7148165340152,39.1144186798109],[-74.7155063395309,39.1157861806187],[-74.715911631867,39.1166033450029],[-74.7161984062434,39.117216194224],[-74.7162274641463,39.1173129560573],[-74.7162587248579,39.1174153161568],[-74.7162648576638,39.1174528844725],[-74.7162744575703,39.1175116919079],[-74.7162785754079,39.1176020472303],[-74.716278669597,39.1176317209227]]}},{"type":"Feature","id":258965,"properties":{"OBJECTID":258965,"PRIMENAME":"19th Street East","ELEVTYP_F":0,"ELEVTYP_T":0},"geometry":{"type":"LineString","coordinates":[[-74.7115705628105,39.1001916527538],[-74.7130350418769,39.1009485546143],[-74.713210837857,39.1010380208441]]}},{"type":"Feature","id":259159,"properties":{"OBJECTID":259159,"PRIMENAME":"1st Avenue","ELEVTYP_F":0,"ELEVTYP_T":0},"geometry":{"type":"LineString","coordinates":[[-74.7090251104153,39.1090075411223],[-74.7092758222302,39.1087067019638],[-74.7095623519564,39.1083625788144]]}},{"type":"Feature","id":259160,"properties":{"OBJECTID":259160,"PRIMENAME":"Dune Drive","ELEVTYP_F":0,"ELEVTYP_T":0},"geometry":{"type":"LineString","coordinates":[[-74.7184580305561,39.1009666367741],[-74.7179017254335,39.1014327255483]]}},{"type":"Feature","id":259422,"properties":{"OBJECTID":259422,"PRIMENAME":"12th Street West","ELEVTYP_F":0,"ELEVTYP_T":0},"geometry":{"type":"LineString","coordinates":[[-74.7132302013708,39.1074770837059],[-74.7131389231129,39.1074304344671],[-74.7130609889151,39.1073905991048]]}},{"type":"Feature","id":260009,"properties":{"OBJECTID":260009,"PRIMENAME":"Dune Drive","ELEVTYP_F":0,"ELEVTYP_T":0},"geometry":{"type":"LineString","coordinates":[[-74.7330943387968,39.0835955475774],[-74.7325337839622,39.084249754942]]}},{"type":"Feature","id":260142,"properties":{"OBJECTID":260142,"PRIMENAME":"49th Street","ELEVTYP_F":0,"ELEVTYP_T":0},"geometry":{"type":"LineString","coordinates":[[-74.7332596444353,39.0836820941836],[-74.734829411575,39.084504098533],[-74.7352590788276,39.0847290865482]]}},{"type":"Feature","id":260475,"properties":{"OBJECTID":260475,"PRIMENAME":"1st Avenue","ELEVTYP_F":0,"ELEVTYP_T":0},"geometry":{"type":"LineString","coordinates":[[-74.7160456072003,39.1006502308703],[-74.7164826395079,39.1001304656226],[-74.716586747621,39.1000080298029]]}},{"type":"Feature","id":261257,"properties":{"OBJECTID":261257,"PRIMENAME":"12th Street West","ELEVTYP_F":0,"ELEVTYP_T":0},"geometry":{"type":"LineString","coordinates":[[-74.7130609889151,39.1073905991048],[-74.7114062953601,39.1065449425598],[-74.7111792019962,39.1064286853366]]}},{"type":"Feature","id":261365,"properties":{"OBJECTID":261365,"PRIMENAME":"23rd Street West","ELEVTYP_F":0,"ELEVTYP_T":0},"geometry":{"type":"LineString","coordinates":[[-74.7212017281022,39.1014415644157],[-74.7197076101206,39.1006813348678],[-74.7191495982208,39.1003963278103]]}},{"type":"Feature","id":261459,"properties":{"OBJECTID":261459,"PRIMENAME":"4th Avenue","ELEVTYP_F":0,"ELEVTYP_T":0},"geometry":{"type":"LineString","coordinates":[[-74.7335023088014,39.0902737470132],[-74.7329625991708,39.0909176722305]]}},{"type":"Feature","id":261912,"properties":{"OBJECTID":261912,"PRIMENAME":"57th Street","ELEVTYP_F":0,"ELEVTYP_T":0},"geometry":{"type":"LineString","coordinates":[[-74.7374076225038,39.0784765812921],[-74.7375749612087,39.0785620466119]]}},{"type":"Feature","id":262234,"properties":{"OBJECTID":262234,"PRIMENAME":"1st Avenue","ELEVTYP_F":0,"ELEVTYP_T":0},"geometry":{"type":"LineString","coordinates":[[-74.7128048995238,39.1045018919483],[-74.7130801038509,39.1041762326805],[-74.7133443763269,39.1038609714237]]}},{"type":"Feature","id":264418,"properties":{"OBJECTID":264418,"PRIMENAME":"8th Street","ELEVTYP_F":0,"ELEVTYP_T":0},"geometry":{"type":"LineString","coordinates":[[-74.7108920628691,39.1099572140626],[-74.7109749070372,39.109999733702],[-74.7110659399979,39.110046467034]]}},{"type":"Feature","id":264623,"properties":{"OBJECTID":264623,"PRIMENAME":"79th Street","ELEVTYP_F":0,"ELEVTYP_T":0},"geometry":{"type":"LineString","coordinates":[[-74.7515014369656,39.0654518025607],[-74.7523777250914,39.0658981922086]]}},{"type":"Feature","id":265103,"properties":{"OBJECTID":265103,"PRIMENAME":"Avalon Avenue","ELEVTYP_F":0,"ELEVTYP_T":0},"geometry":{"type":"LineString","coordinates":[[-74.7186190528214,39.0946153969912],[-74.7180812680011,39.0952520552218]]}},{"type":"Feature","id":265309,"properties":{"OBJECTID":265309,"PRIMENAME":"Avalon Avenue","ELEVTYP_F":0,"ELEVTYP_T":0},"geometry":{"type":"LineString","coordinates":[[-74.7078048587267,39.1074632393768],[-74.7073599154792,39.1079902068089],[-74.7073383680771,39.1080211901475],[-74.7073276118993,39.1080549000752],[-74.7073276941928,39.1080829892573],[-74.7073386479544,39.1081167155273],[-74.7073747998651,39.1081503699517],[-74.7074041205585,39.1081674302938]]}},{"type":"Feature","id":266066,"properties":{"OBJECTID":266066,"PRIMENAME":"5th Avenue","ELEVTYP_F":0,"ELEVTYP_T":0},"geometry":{"type":"LineString","coordinates":[[-74.725810114797,39.1028813822621],[-74.7259888088991,39.102635726961]]}},{"type":"Feature","id":266124,"properties":{"OBJECTID":266124,"PRIMENAME":"Ocean Drive","ELEVTYP_F":0,"ELEVTYP_T":0},"geometry":{"type":"LineString","coordinates":[[-74.73471486725,39.0853786039759],[-74.7346216605554,39.0854897214182],[-74.7341765225511,39.0860156131214]]}},{"type":"Feature","id":266129,"properties":{"OBJECTID":266129,"PRIMENAME":"Ocean Drive","ELEVTYP_F":0,"ELEVTYP_T":0},"geometry":{"type":"LineString","coordinates":[[-74.7238889045538,39.0982290481833],[-74.7233850943434,39.0988388388402],[-74.7233597128537,39.0988691469791]]}},{"type":"Feature","id":266799,"properties":{"OBJECTID":266799,"PRIMENAME":"26th Street West","ELEVTYP_F":0,"ELEVTYP_T":0},"geometry":{"type":"LineString","coordinates":[[-74.7207773978316,39.0984662871988],[-74.7207084332905,39.0984311621465],[-74.720658103511,39.0984055291651]]}},{"type":"Feature","id":267093,"properties":{"OBJECTID":267093,"PRIMENAME":"3rd Avenue","ELEVTYP_F":0,"ELEVTYP_T":0},"geometry":{"type":"LineString","coordinates":[[-74.7542003553369,39.0622488422997],[-74.7537649785264,39.0627637781416],[-74.753661101168,39.0628881427075]]}},{"type":"Feature","id":267305,"properties":{"OBJECTID":267305,"PRIMENAME":"Unnamed Segment","ELEVTYP_F":0,"ELEVTYP_T":0},"geometry":{"type":"LineString","coordinates":[[-74.717694112398,39.1016327495143],[-74.7177126541507,39.1016911880637],[-74.7177390999262,39.101739272811],[-74.7177831578797,39.1017694626316],[-74.717829221875,39.1017869034839],[-74.7178864887606,39.101789982776],[-74.7180170849391,39.1017728468301]]}},{"type":"Feature","id":267913,"properties":{"OBJECTID":267913,"PRIMENAME":"62nd Street","ELEVTYP_F":0,"ELEVTYP_T":0},"geometry":{"type":"LineString","coordinates":[[-74.7401164868589,39.0752553976139],[-74.7393402931174,39.0748548429394]]}},{"type":"Feature","id":269072,"properties":{"OBJECTID":269072,"PRIMENAME":"Dune Drive","ELEVTYP_F":0,"ELEVTYP_T":0},"geometry":{"type":"LineString","coordinates":[[-74.7390147691608,39.0765367115927],[-74.7384790631214,39.077183263459]]}},{"type":"Feature","id":270343,"properties":{"OBJECTID":270343,"PRIMENAME":"Ocean Drive","ELEVTYP_F":0,"ELEVTYP_T":0},"geometry":{"type":"LineString","coordinates":[[-74.7303893318006,39.0905154469833],[-74.7299577207123,39.091027483632],[-74.7298362446486,39.0911720699347]]}},{"type":"Feature","id":271266,"properties":{"OBJECTID":271266,"PRIMENAME":"8th Street","ELEVTYP_F":0,"ELEVTYP_T":0},"geometry":{"type":"LineString","coordinates":[[-74.7132207258466,39.1111514320381],[-74.7140951497767,39.1115980792334],[-74.7141259135035,39.1116133515449]]}},{"type":"Feature","id":271464,"properties":{"OBJECTID":271464,"PRIMENAME":"7th Street","ELEVTYP_F":0,"ELEVTYP_T":0},"geometry":{"type":"LineString","coordinates":[[-74.7145702035432,39.1127577128089],[-74.7140409592819,39.1124895640309],[-74.7137932330226,39.1123640486771]]}},{"type":"Feature","id":271794,"properties":{"OBJECTID":271794,"PRIMENAME":"77th Street","ELEVTYP_F":0,"ELEVTYP_T":0},"geometry":{"type":"LineString","coordinates":[[-74.7482283886759,39.0656191708388],[-74.7483150474716,39.0656632488916],[-74.7484082689654,39.0657106622743]]}},{"type":"Feature","id":272096,"properties":{"OBJECTID":272096,"PRIMENAME":"7th Street","ELEVTYP_F":0,"ELEVTYP_T":0},"geometry":{"type":"LineString","coordinates":[[-74.7137932330226,39.1123640486771],[-74.7132024363233,39.1120647144115],[-74.7125398041414,39.1117258591416]]}},{"type":"Feature","id":272259,"properties":{"OBJECTID":272259,"PRIMENAME":"20th Street West","ELEVTYP_F":0,"ELEVTYP_T":0},"geometry":{"type":"LineString","coordinates":[[-74.7155042862591,39.1012940773502],[-74.7144147206813,39.1007363844859],[-74.7137521520314,39.1003971505724]]}},{"type":"Feature","id":273574,"properties":{"OBJECTID":273574,"PRIMENAME":"Ocean Drive","ELEVTYP_F":0,"ELEVTYP_T":0},"geometry":{"type":"LineString","coordinates":[[-74.7401330453422,39.0789455846418],[-74.7399162767128,39.0792027086959],[-74.7395921434931,39.0795891873601]]}},{"type":"Feature","id":273960,"properties":{"OBJECTID":273960,"PRIMENAME":"19th Street West","ELEVTYP_F":0,"ELEVTYP_T":0},"geometry":{"type":"LineString","coordinates":[[-74.7168564178688,39.1029034168097],[-74.7169039281688,39.1029278369076],[-74.7169929445271,39.1029735532681]]}},{"type":"Feature","id":274899,"properties":{"OBJECTID":274899,"PRIMENAME":"64th Street","ELEVTYP_F":0,"ELEVTYP_T":0},"geometry":{"type":"LineString","coordinates":[[-74.7411827264145,39.0739632190302],[-74.740259274466,39.0734935335328]]}},{"type":"Feature","id":275355,"properties":{"OBJECTID":275355,"PRIMENAME":"Ocean Drive","ELEVTYP_F":0,"ELEVTYP_T":0},"geometry":{"type":"LineString","coordinates":[[-74.714936440399,39.1084082870573],[-74.7148498027283,39.1084395016665],[-74.7147042301116,39.1084798314357],[-74.7145115331774,39.1085302687673],[-74.7143531427856,39.1085739710322],[-74.7142033110245,39.1086276522591],[-74.7140578543887,39.1086947244644],[-74.7139380333611,39.1087549948937],[-74.7138353657426,39.1088119384382],[-74.7137199409362,39.1088922723593],[-74.7136258676574,39.1089592227907],[-74.7135233203683,39.1090562265205],[-74.7133994656361,39.109193330745],[-74.7133012926852,39.1093270384999],[-74.713224563169,39.1094540343762],[-74.7131692357257,39.1095843404183],[-74.7131267012971,39.1096912568687],[-74.7130970415093,39.1098014720939],[-74.713076050098,39.109935038543],[-74.71305930962,39.1100752959164],[-74.7130511772263,39.1102188607785],[-74.7130515792558,39.1103523881157],[-74.7130606867264,39.1105326598126],[-74.7130869369463,39.1107062005711],[-74.7131135290348,39.110814682418]]}},{"type":"Feature","id":275867,"properties":{"OBJECTID":275867,"PRIMENAME":"83rd Street","ELEVTYP_F":0,"ELEVTYP_T":0},"geometry":{"type":"LineString","coordinates":[[-74.7549462435765,39.0635413682699],[-74.7554198027034,39.063790475739]]}},{"type":"Feature","id":275983,"properties":{"OBJECTID":275983,"PRIMENAME":"Ocean Drive","ELEVTYP_F":0,"ELEVTYP_T":0},"geometry":{"type":"LineString","coordinates":[[-74.7341765225511,39.0860156131214],[-74.7336390064454,39.0866505866436]]}},{"type":"Feature","id":276728,"properties":{"OBJECTID":276728,"PRIMENAME":"16th Street West","ELEVTYP_F":0,"ELEVTYP_T":0},"geometry":{"type":"LineString","coordinates":[[-74.7152276777146,39.1048238910915],[-74.7141329795915,39.1042643100729],[-74.7133443763269,39.1038609714237]]}},{"type":"Feature","id":278326,"properties":{"OBJECTID":278326,"PRIMENAME":"Dune Drive","ELEVTYP_F":0,"ELEVTYP_T":0},"geometry":{"type":"LineString","coordinates":[[-74.7163067838488,39.1035394448591],[-74.715767512346,39.1041800760341]]}},{"type":"Feature","id":278982,"properties":{"OBJECTID":278982,"PRIMENAME":"Ocean Drive","ELEVTYP_F":0,"ELEVTYP_T":0},"geometry":{"type":"LineString","coordinates":[[-74.7368819200281,39.0828080523446],[-74.7364905127605,39.0832725851498],[-74.7363428814201,39.0834471324871]]}},{"type":"Feature","id":279242,"properties":{"OBJECTID":279242,"PRIMENAME":"41st Street","ELEVTYP_F":0,"ELEVTYP_T":0},"geometry":{"type":"LineString","coordinates":[[-74.7289162636997,39.0888469812281],[-74.7287377646455,39.0887573248768]]}},{"type":"Feature","id":280364,"properties":{"OBJECTID":280364,"PRIMENAME":"69th Street","ELEVTYP_F":0,"ELEVTYP_T":0},"geometry":{"type":"LineString","coordinates":[[-74.7460898402524,39.0718790339021],[-74.7440745805743,39.0708416753599]]}},{"type":"Feature","id":280455,"properties":{"OBJECTID":280455,"PRIMENAME":"Ocean Drive","ELEVTYP_F":0,"ELEVTYP_T":0},"geometry":{"type":"LineString","coordinates":[[-74.7266017767801,39.0950186148225],[-74.7264923570754,39.095147220983],[-74.7260580508135,39.0956600993843]]}},{"type":"Feature","id":280765,"properties":{"OBJECTID":280765,"PRIMENAME":"33rd Street","ELEVTYP_F":0,"ELEVTYP_T":0},"geometry":{"type":"LineString","coordinates":[[-74.7244233628406,39.0939068820167],[-74.7240319950168,39.0937048858551]]}},{"type":"Feature","id":281430,"properties":{"OBJECTID":281430,"PRIMENAME":"47th Street","ELEVTYP_F":0,"ELEVTYP_T":0},"geometry":{"type":"LineString","coordinates":[[-74.7319915225458,39.084899145942],[-74.7321594698783,39.0849849744562]]}},{"type":"Feature","id":282468,"properties":{"OBJECTID":282468,"PRIMENAME":"54th Street","ELEVTYP_F":0,"ELEVTYP_T":0},"geometry":{"type":"LineString","coordinates":[[-74.7359597867079,39.0804866453983],[-74.7357932906939,39.0804009562799]]}},{"type":"Feature","id":283600,"properties":{"OBJECTID":283600,"PRIMENAME":"Dune Drive","ELEVTYP_F":0,"ELEVTYP_T":0},"geometry":{"type":"LineString","coordinates":[[-74.7233538128166,39.0951900140087],[-74.7233531459818,39.0951908116369],[-74.7228033299781,39.0958439352749]]}},{"type":"Feature","id":283971,"properties":{"OBJECTID":283971,"PRIMENAME":"74th Street","ELEVTYP_F":0,"ELEVTYP_T":0},"geometry":{"type":"LineString","coordinates":[[-74.7496864373762,39.0691319536187],[-74.7494972202743,39.0690327404633]]}},{"type":"Feature","id":284021,"properties":{"OBJECTID":284021,"PRIMENAME":"71st Street","ELEVTYP_F":0,"ELEVTYP_T":0},"geometry":{"type":"LineString","coordinates":[[-74.7449859549632,39.069471310088],[-74.7439385969339,39.0689332955773]]}},{"type":"Feature","id":284383,"properties":{"OBJECTID":284383,"PRIMENAME":"Avalon Avenue","ELEVTYP_F":0,"ELEVTYP_T":0},"geometry":{"type":"LineString","coordinates":[[-74.7153759792905,39.0984680978671],[-74.7148382197368,39.0991090521904]]}},{"type":"Feature","id":285018,"properties":{"OBJECTID":285018,"PRIMENAME":"59th Street","ELEVTYP_F":0,"ELEVTYP_T":0},"geometry":{"type":"LineString","coordinates":[[-74.737569820856,39.0767248687143],[-74.7384790631214,39.077183263459]]}},{"type":"Feature","id":285184,"properties":{"OBJECTID":285184,"PRIMENAME":"15th Street West","ELEVTYP_F":0,"ELEVTYP_T":0},"geometry":{"type":"LineString","coordinates":[[-74.7128048995238,39.1045018919483],[-74.7111949644357,39.1036802578112],[-74.7110468340353,39.1036046872432]]}},{"type":"Feature","id":286799,"properties":{"OBJECTID":286799,"PRIMENAME":"84th Street","ELEVTYP_F":0,"ELEVTYP_T":0},"geometry":{"type":"LineString","coordinates":[[-74.7554857138686,39.0629048902067],[-74.7542003553369,39.0622488422997]]}},{"type":"Feature","id":287042,"properties":{"OBJECTID":287042,"PRIMENAME":"Dune Drive","ELEVTYP_F":0,"ELEVTYP_T":0},"geometry":{"type":"LineString","coordinates":[[-74.7433660506399,39.0714075837012],[-74.7428199659021,39.0720452267808]]}},{"type":"Feature","id":287149,"properties":{"OBJECTID":287149,"PRIMENAME":"21st Street","ELEVTYP_F":0,"ELEVTYP_T":0},"geometry":{"type":"LineString","coordinates":[[-74.728419577751,39.1066910517354],[-74.7287490062117,39.1070136677554],[-74.7289134243493,39.1071701294305]]}},{"type":"Feature","id":287951,"properties":{"OBJECTID":287951,"PRIMENAME":"Heron Cove","ELEVTYP_F":0,"ELEVTYP_T":0},"geometry":{"type":"LineString","coordinates":[[-74.7438431641945,39.075296320311],[-74.7437470457644,39.0753647031608],[-74.7433954720848,39.0757581865258]]}},{"type":"Feature","id":288040,"properties":{"OBJECTID":288040,"PRIMENAME":"Ocean Drive","ELEVTYP_F":0,"ELEVTYP_T":0},"geometry":{"type":"LineString","coordinates":[[-74.7195680737892,39.1033771954957],[-74.7190316476866,39.1040161067698]]}},{"type":"Feature","id":288207,"properties":{"OBJECTID":288207,"PRIMENAME":"Ocean Drive","ELEVTYP_F":0,"ELEVTYP_T":0},"geometry":{"type":"LineString","coordinates":[[-74.7439260175379,39.0744472541362],[-74.7433803326709,39.0750939054113]]}},{"type":"Feature","id":288530,"properties":{"OBJECTID":288530,"PRIMENAME":"Marine Way","ELEVTYP_F":0,"ELEVTYP_T":0},"geometry":{"type":"LineString","coordinates":[[-74.7140292456126,39.11071195505],[-74.7142001466695,39.1115163416972],[-74.7141259135035,39.1116133515449]]}},{"type":"Feature","id":290394,"properties":{"OBJECTID":290394,"PRIMENAME":"27th Street West","ELEVTYP_F":0,"ELEVTYP_T":0},"geometry":{"type":"LineString","coordinates":[[-74.7175363802909,39.0958970993605],[-74.7186586654613,39.0964659610204],[-74.7192949664693,39.0967929426315]]}},{"type":"Feature","id":290787,"properties":{"OBJECTID":290787,"PRIMENAME":"Dune Drive","ELEVTYP_F":0,"ELEVTYP_T":0},"geometry":{"type":"LineString","coordinates":[[-74.7466122839506,39.0675440056712],[-74.7460516741056,39.0681915800207],[-74.7460507970683,39.0681925980336]]}},{"type":"Feature","id":291257,"properties":{"OBJECTID":291257,"PRIMENAME":"1st Avenue","ELEVTYP_F":0,"ELEVTYP_T":0},"geometry":{"type":"LineString","coordinates":[[-74.7214524362939,39.0942255015432],[-74.7219037481652,39.0937004985622],[-74.7220013730621,39.0935839733972]]}},{"type":"Feature","id":292014,"properties":{"OBJECTID":292014,"PRIMENAME":"Dune Drive","ELEVTYP_F":0,"ELEVTYP_T":0},"geometry":{"type":"LineString","coordinates":[[-74.7406533453718,39.074614519142],[-74.7401164868589,39.0752553976139]]}},{"type":"Feature","id":292110,"properties":{"OBJECTID":292110,"PRIMENAME":"Dune Drive","ELEVTYP_F":0,"ELEVTYP_T":0},"geometry":{"type":"LineString","coordinates":[[-74.739557475974,39.0759007134214],[-74.7390147691608,39.0765367115927]]}},{"type":"Feature","id":292743,"properties":{"OBJECTID":292743,"PRIMENAME":"12th Street West","ELEVTYP_F":0,"ELEVTYP_T":0},"geometry":{"type":"LineString","coordinates":[[-74.714936440399,39.1084082870573],[-74.7148980341615,39.1083645631594],[-74.7148550425557,39.1083312263626],[-74.7147651558656,39.1082675795524],[-74.7142104781062,39.1079799901212],[-74.7133551877956,39.1075409692654],[-74.7132302013708,39.1074770837059]]}},{"type":"Feature","id":294418,"properties":{"OBJECTID":294418,"PRIMENAME":"Ocean Drive","ELEVTYP_F":0,"ELEVTYP_T":0},"geometry":{"type":"LineString","coordinates":[[-74.7228218441182,39.0995095887053],[-74.7223180192715,39.1001094896512],[-74.722278382985,39.1001567381626]]}},{"type":"Feature","id":295449,"properties":{"OBJECTID":295449,"PRIMENAME":"71st Street","ELEVTYP_F":0,"ELEVTYP_T":0},"geometry":{"type":"LineString","coordinates":[[-74.7451531059494,39.069557149737],[-74.7450694424338,39.069514188238],[-74.7449859549632,39.069471310088]]}},{"type":"Feature","id":295862,"properties":{"OBJECTID":295862,"PRIMENAME":"40th Street","ELEVTYP_F":0,"ELEVTYP_T":0},"geometry":{"type":"LineString","coordinates":[[-74.7281998407314,39.0893967213955],[-74.7282805893648,39.0894381898185],[-74.7283662775053,39.0894821744948]]}},{"type":"Feature","id":295868,"properties":{"OBJECTID":295868,"PRIMENAME":"28th Street West","ELEVTYP_F":0,"ELEVTYP_T":0},"geometry":{"type":"LineString","coordinates":[[-74.7217315498032,39.0971202458593],[-74.7201366474294,39.0962960975419],[-74.7198394135025,39.0961452003765]]}},{"type":"Feature","id":295967,"properties":{"OBJECTID":295967,"PRIMENAME":"Marine Way","ELEVTYP_F":0,"ELEVTYP_T":0},"geometry":{"type":"LineString","coordinates":[[-74.7137273344647,39.1104198903648],[-74.7140039994817,39.1105829046011],[-74.7140292456126,39.11071195505]]}},{"type":"Feature","id":296552,"properties":{"OBJECTID":296552,"PRIMENAME":"62nd Street","ELEVTYP_F":0,"ELEVTYP_T":0},"geometry":{"type":"LineString","coordinates":[[-74.7423045543233,39.076371049677],[-74.74112781786,39.0757772653251],[-74.7402892933513,39.0753445548383]]}},{"type":"Feature","id":298585,"properties":{"OBJECTID":298585,"PRIMENAME":"53rd Street","ELEVTYP_F":0,"ELEVTYP_T":0},"geometry":{"type":"LineString","coordinates":[[-74.7352520591909,39.0810349840945],[-74.7354117484824,39.0811182986597]]}},{"type":"Feature","id":299109,"properties":{"OBJECTID":299109,"PRIMENAME":"75th Street","ELEVTYP_F":0,"ELEVTYP_T":0},"geometry":{"type":"LineString","coordinates":[[-74.747146299674,39.0668991757788],[-74.7472339147187,39.0669444876677],[-74.7473210355821,39.0669895537046]]}},{"type":"Feature","id":301131,"properties":{"OBJECTID":301131,"PRIMENAME":"4th Avenue","ELEVTYP_F":0,"ELEVTYP_T":0},"geometry":{"type":"LineString","coordinates":[[-74.7226858121212,39.1031240237145],[-74.7224187459732,39.1034445553091]]}},{"type":"Feature","id":301489,"properties":{"OBJECTID":301489,"PRIMENAME":"8th Street","ELEVTYP_F":0,"ELEVTYP_T":0},"geometry":{"type":"LineString","coordinates":[[-74.7110659399979,39.110046467034],[-74.7126751516101,39.1108727426011],[-74.713085143568,39.1110821291356]]}},{"type":"Feature","id":301747,"properties":{"OBJECTID":301747,"PRIMENAME":"84th Street","ELEVTYP_F":0,"ELEVTYP_T":0},"geometry":{"type":"LineString","coordinates":[[-74.7557871559498,39.0630587357965],[-74.7554857138686,39.0629048902067]]}},{"type":"Feature","id":302776,"properties":{"OBJECTID":302776,"PRIMENAME":"Ocean Drive","ELEVTYP_F":0,"ELEVTYP_T":0},"geometry":{"type":"LineString","coordinates":[[-74.7249721335497,39.0969368797345],[-74.7244734768932,39.0975214315856],[-74.7244260180019,39.0975789097316]]}},{"type":"Feature","id":303775,"properties":{"OBJECTID":303775,"PRIMENAME":"1st Avenue","ELEVTYP_F":0,"ELEVTYP_T":0},"geometry":{"type":"LineString","coordinates":[[-74.7192949664693,39.0967929426315],[-74.7196842103776,39.0963320425786],[-74.7198394135025,39.0961452003765]]}},{"type":"Feature","id":303804,"properties":{"OBJECTID":303804,"PRIMENAME":"28th Street West","ELEVTYP_F":0,"ELEVTYP_T":0},"geometry":{"type":"LineString","coordinates":[[-74.7238889045538,39.0982290481833],[-74.7220426368631,39.0972810247294],[-74.7218634813393,39.0971884477026]]}},{"type":"Feature","id":304512,"properties":{"OBJECTID":304512,"PRIMENAME":"21st Street","ELEVTYP_F":0,"ELEVTYP_T":0},"geometry":{"type":"LineString","coordinates":[[-74.7201118288181,39.1027294818835],[-74.7204756555331,39.1029142106183],[-74.7204873073741,39.1029201260739],[-74.7208281096019,39.1030948356683],[-74.7211604517534,39.1032652056082]]}},{"type":"Feature","id":304810,"properties":{"OBJECTID":304810,"PRIMENAME":"Dune Drive","ELEVTYP_F":0,"ELEVTYP_T":0},"geometry":{"type":"LineString","coordinates":[[-74.7417297614434,39.0733272015585],[-74.7411827264145,39.0739632190302]]}},{"type":"Feature","id":304985,"properties":{"OBJECTID":304985,"PRIMENAME":"11th Street West","ELEVTYP_F":0,"ELEVTYP_T":0},"geometry":{"type":"LineString","coordinates":[[-74.7125148029015,39.1080249116607],[-74.7126935790697,39.1081154442209]]}},{"type":"Feature","id":306295,"properties":{"OBJECTID":306295,"PRIMENAME":"11th Street West","ELEVTYP_F":0,"ELEVTYP_T":0},"geometry":{"type":"LineString","coordinates":[[-74.7088883911871,39.1061741041649],[-74.7095148442074,39.1064936611575],[-74.7106384607174,39.1070720139547]]}},{"type":"Feature","id":307369,"properties":{"OBJECTID":307369,"PRIMENAME":"63rd Street","ELEVTYP_F":0,"ELEVTYP_T":0},"geometry":{"type":"LineString","coordinates":[[-74.7408245964077,39.0747022779685],[-74.7419780172791,39.0752932311692],[-74.7428395190261,39.075735985616]]}},{"type":"Feature","id":307630,"properties":{"OBJECTID":307630,"PRIMENAME":"1st Avenue","ELEVTYP_F":0,"ELEVTYP_T":0},"geometry":{"type":"LineString","coordinates":[[-74.7203692576439,39.0955074510163],[-74.7209046743076,39.0948628782081]]}},{"type":"Feature","id":308406,"properties":{"OBJECTID":308406,"PRIMENAME":"58th Street","ELEVTYP_F":0,"ELEVTYP_T":0},"geometry":{"type":"LineString","coordinates":[[-74.7401330453422,39.0789455846418],[-74.7389715831388,39.0783545481122],[-74.7381232054003,39.0779090476528]]}},{"type":"Feature","id":308615,"properties":{"OBJECTID":308615,"PRIMENAME":"62nd Street","ELEVTYP_F":0,"ELEVTYP_T":0},"geometry":{"type":"LineString","coordinates":[[-74.7402892933513,39.0753445548383],[-74.7401994139711,39.0752981992808],[-74.7401164868589,39.0752553976139]]}},{"type":"Feature","id":309366,"properties":{"OBJECTID":309366,"PRIMENAME":"Sea Gull Lane","ELEVTYP_F":0,"ELEVTYP_T":0},"geometry":{"type":"LineString","coordinates":[[-74.7380517818156,39.1113872603192],[-74.7380562606041,39.1115245122799],[-74.7380526948591,39.1116586520236],[-74.738041085312,39.1117802864208],[-74.7380134118797,39.1118832826652],[-74.7379035920946,39.1121145370392]]}},{"type":"Feature","id":309707,"properties":{"OBJECTID":309707,"PRIMENAME":"Dune Drive","ELEVTYP_F":0,"ELEVTYP_T":0},"geometry":{"type":"LineString","coordinates":[[-74.7460507970683,39.0681925980336],[-74.7455240321491,39.0688312294716]]}},{"type":"Feature","id":310173,"properties":{"OBJECTID":310173,"PRIMENAME":"Pelican Drive","ELEVTYP_F":0,"ELEVTYP_T":0},"geometry":{"type":"LineString","coordinates":[[-74.7434585611562,39.0904144517174],[-74.7437690143443,39.0903857136757],[-74.7440818668931,39.0903579309917],[-74.744124621134,39.0903541326853],[-74.7461333312841,39.0901756321954],[-74.7462994406074,39.0901608696334]]}},{"type":"Feature","id":310833,"properties":{"OBJECTID":310833,"PRIMENAME":"27th Street East","ELEVTYP_F":0,"ELEVTYP_T":0},"geometry":{"type":"LineString","coordinates":[[-74.7162683604573,39.0952543339041],[-74.7175363802909,39.0958970993605]]}},{"type":"Feature","id":312441,"properties":{"OBJECTID":312441,"PRIMENAME":"Dune Drive","ELEVTYP_F":0,"ELEVTYP_T":0},"geometry":{"type":"LineString","coordinates":[[-74.7298334363483,39.0874625040526],[-74.7292922949212,39.088103148042]]}},{"type":"Feature","id":312985,"properties":{"OBJECTID":312985,"PRIMENAME":"6th Avenue","ELEVTYP_F":0,"ELEVTYP_T":0},"geometry":{"type":"LineString","coordinates":[[-74.7267526543673,39.1052040568706],[-74.7269600856308,39.1049405516355]]}},{"type":"Feature","id":313291,"properties":{"OBJECTID":313291,"PRIMENAME":"32nd Street","ELEVTYP_F":0,"ELEVTYP_T":0},"geometry":{"type":"LineString","coordinates":[[-74.7263882270082,39.0958285995088],[-74.7260580508135,39.0956600993843]]}},{"type":"Feature","id":313817,"properties":{"OBJECTID":313817,"PRIMENAME":"Dune Drive","ELEVTYP_F":0,"ELEVTYP_T":0},"geometry":{"type":"LineString","coordinates":[[-74.7357932906939,39.0804009562799],[-74.7352520591909,39.0810349840945]]}},{"type":"Feature","id":314119,"properties":{"OBJECTID":314119,"PRIMENAME":"75th Street","ELEVTYP_F":0,"ELEVTYP_T":0},"geometry":{"type":"LineString","coordinates":[[-74.7493353787213,39.0680242499873],[-74.7502502552672,39.0684927023502],[-74.7502971917296,39.0685179453204],[-74.7503369710177,39.068551550941],[-74.7503731489282,39.068582390553],[-74.7504040333143,39.0686306505069]]}},{"type":"Feature","id":314456,"properties":{"OBJECTID":314456,"PRIMENAME":"31st Street","ELEVTYP_F":0,"ELEVTYP_T":0},"geometry":{"type":"LineString","coordinates":[[-74.7214524362939,39.0942255015432],[-74.7218740372784,39.0944401625109],[-74.7233538128166,39.0951900140087]]}},{"type":"Feature","id":314577,"properties":{"OBJECTID":314577,"PRIMENAME":"23rd Street West","ELEVTYP_F":0,"ELEVTYP_T":0},"geometry":{"type":"LineString","coordinates":[[-74.717132177913,39.0993662298614],[-74.7157311029711,39.0986512172067],[-74.7153759792905,39.0984680978671]]}},{"type":"Feature","id":314616,"properties":{"OBJECTID":314616,"PRIMENAME":"60th Street","ELEVTYP_F":0,"ELEVTYP_T":0},"geometry":{"type":"LineString","coordinates":[[-74.7412148003014,39.0776625452439],[-74.740195403341,39.0771386087274],[-74.7392014423597,39.0766318821974]]}},{"type":"Feature","id":315327,"properties":{"OBJECTID":315327,"PRIMENAME":"76th Street","ELEVTYP_F":0,"ELEVTYP_T":0},"geometry":{"type":"LineString","coordinates":[[-74.7521215772549,39.0685196168354],[-74.7516769743838,39.0682964089095]]}},{"type":"Feature","id":316081,"properties":{"OBJECTID":316081,"PRIMENAME":"Ocean Drive","ELEVTYP_F":0,"ELEVTYP_T":0},"geometry":{"type":"LineString","coordinates":[[-74.7460898402524,39.0718790339021],[-74.7455469722653,39.0725241239313]]}},{"type":"Feature","id":318582,"properties":{"OBJECTID":318582,"PRIMENAME":"58th Street","ELEVTYP_F":0,"ELEVTYP_T":0},"geometry":{"type":"LineString","coordinates":[[-74.7408567247772,39.079313952062],[-74.7401330453422,39.0789455846418]]}},{"type":"Feature","id":319135,"properties":{"OBJECTID":319135,"PRIMENAME":"69th Street","ELEVTYP_F":0,"ELEVTYP_T":0},"geometry":{"type":"LineString","coordinates":[[-74.743903721276,39.0707537006146],[-74.7436252744209,39.0706103750151],[-74.7429246827585,39.0702553753398]]}},{"type":"Feature","id":319771,"properties":{"OBJECTID":319771,"PRIMENAME":"Ocean Drive","ELEVTYP_F":0,"ELEVTYP_T":0},"geometry":{"type":"LineString","coordinates":[[-74.7520338312323,39.0648235113107],[-74.7519304753234,39.064947707414],[-74.7515014369656,39.0654518025607]]}},{"type":"Feature","id":320738,"properties":{"OBJECTID":320738,"PRIMENAME":"24th Street West","ELEVTYP_F":0,"ELEVTYP_T":0},"geometry":{"type":"LineString","coordinates":[[-74.7176722848891,39.098726688467],[-74.7165784224453,39.0981624879178],[-74.7159156945028,39.0978241177346]]}},{"type":"Feature","id":320979,"properties":{"OBJECTID":320979,"PRIMENAME":"20th Street","ELEVTYP_F":0,"ELEVTYP_T":0},"geometry":{"type":"LineString","coordinates":[[-74.7216116697827,39.1044131048434],[-74.7208761059325,39.1040358841959],[-74.7207555039796,39.1039766935797],[-74.7206951960186,39.1039392721202],[-74.7206710127708,39.1039143040476],[-74.7206642863174,39.1038817520222]]}},{"type":"Feature","id":321002,"properties":{"OBJECTID":321002,"PRIMENAME":"76th Street","ELEVTYP_F":0,"ELEVTYP_T":0},"geometry":{"type":"LineString","coordinates":[[-74.7516769743838,39.0682964089095],[-74.7510343506301,39.0679738715337],[-74.7498783522668,39.0673787849365]]}},{"type":"Feature","id":321033,"properties":{"OBJECTID":321033,"PRIMENAME":"Dune Drive","ELEVTYP_F":0,"ELEVTYP_T":0},"geometry":{"type":"LineString","coordinates":[[-74.7119745364006,39.1086738739288],[-74.7119741850579,39.1086743141812],[-74.7114364256704,39.1093162400222]]}},{"type":"Feature","id":321396,"properties":{"OBJECTID":321396,"PRIMENAME":"23rd Street West","ELEVTYP_F":0,"ELEVTYP_T":0},"geometry":{"type":"LineString","coordinates":[[-74.7191495982208,39.1003963278103],[-74.7190888549871,39.1003653050391],[-74.7190385253983,39.1003396164157]]}},{"type":"Feature","id":322619,"properties":{"OBJECTID":322619,"PRIMENAME":"Ocean Drive","ELEVTYP_F":0,"ELEVTYP_T":0},"geometry":{"type":"LineString","coordinates":[[-74.7287679231525,39.0924434971452],[-74.7282271973992,39.0930854528197]]}},{"type":"Feature","id":323320,"properties":{"OBJECTID":323320,"PRIMENAME":"1st Avenue","ELEVTYP_F":0,"ELEVTYP_T":0},"geometry":{"type":"LineString","coordinates":[[-74.7480121569648,39.0627083883633],[-74.7480121112322,39.0626953179689],[-74.7480245243604,39.0626594862238],[-74.7480741860423,39.0625964036883],[-74.7481118685225,39.0625485341165],[-74.7483877374632,39.0622268095054],[-74.7485988036893,39.0619806527041],[-74.7489540098608,39.0615665992922],[-74.7495143549215,39.0609134057931],[-74.7495999677874,39.0608118197272]]}},{"type":"Feature","id":324018,"properties":{"OBJECTID":324018,"PRIMENAME":"Ocean Drive","ELEVTYP_F":0,"ELEVTYP_T":0},"geometry":{"type":"LineString","coordinates":[[-74.7379673680045,39.0815196546097],[-74.737702158943,39.081834589937],[-74.7374219646946,39.0821671830156]]}},{"type":"Feature","id":324383,"properties":{"OBJECTID":324383,"PRIMENAME":"18th Street West","ELEVTYP_F":0,"ELEVTYP_T":0},"geometry":{"type":"LineString","coordinates":[[-74.7144223054181,39.1025769021932],[-74.7131862147202,39.1019417881076],[-74.7126697615601,39.1016789709855]]}},{"type":"Feature","id":324667,"properties":{"OBJECTID":324667,"PRIMENAME":"22nd Street","ELEVTYP_F":0,"ELEVTYP_T":0},"geometry":{"type":"LineString","coordinates":[[-74.7247226597192,39.1041651082383],[-74.7251360078483,39.1043780162289],[-74.7267526543673,39.1052040568706]]}},{"type":"Feature","id":325215,"properties":{"OBJECTID":325215,"PRIMENAME":"34th Street","ELEVTYP_F":0,"ELEVTYP_T":0},"geometry":{"type":"LineString","coordinates":[[-74.7249657622358,39.0932574727594],[-74.7250378320306,39.093294676603],[-74.725121229736,39.0933377068465]]}},{"type":"Feature","id":325719,"properties":{"OBJECTID":325719,"PRIMENAME":"77th Street","ELEVTYP_F":0,"ELEVTYP_T":0},"geometry":{"type":"LineString","coordinates":[[-74.7504197969721,39.0667419966993],[-74.7509914106382,39.0670380287428],[-74.7519508658002,39.0675230385786]]}},{"type":"Feature","id":326907,"properties":{"OBJECTID":326907,"PRIMENAME":"27th Street West","ELEVTYP_F":0,"ELEVTYP_T":0},"geometry":{"type":"LineString","coordinates":[[-74.7211901379961,39.0977660965881],[-74.7212456189889,39.0977943005005],[-74.7213217482614,39.0978330087291]]}},{"type":"Feature","id":327332,"properties":{"OBJECTID":327332,"PRIMENAME":"1st Avenue","ELEVTYP_F":0,"ELEVTYP_T":0},"geometry":{"type":"LineString","coordinates":[[-74.716586747621,39.1000080298029],[-74.717132177913,39.0993662298614]]}},{"type":"Feature","id":327527,"properties":{"OBJECTID":327527,"PRIMENAME":"7th Avenue","ELEVTYP_F":0,"ELEVTYP_T":0},"geometry":{"type":"LineString","coordinates":[[-74.7282483767549,39.1068894140412],[-74.7277395438453,39.1074789138519]]}},{"type":"Feature","id":327655,"properties":{"OBJECTID":327655,"PRIMENAME":"50th Street","ELEVTYP_F":0,"ELEVTYP_T":0},"geometry":{"type":"LineString","coordinates":[[-74.7337931116025,39.0830644292689],[-74.7336182850309,39.0829747720269]]}},{"type":"Feature","id":327878,"properties":{"OBJECTID":327878,"PRIMENAME":"53rd Street","ELEVTYP_F":0,"ELEVTYP_T":0},"geometry":{"type":"LineString","coordinates":[[-74.7354117484824,39.0811182986597],[-74.7374219646946,39.0821671830156]]}},{"type":"Feature","id":328573,"properties":{"OBJECTID":328573,"PRIMENAME":"Ocean Drive","ELEVTYP_F":0,"ELEVTYP_T":0},"geometry":{"type":"LineString","coordinates":[[-74.7212017281022,39.1014415644157],[-74.7206552733882,39.1020869830734]]}},{"type":"Feature","id":329927,"properties":{"OBJECTID":329927,"PRIMENAME":"3rd Avenue","ELEVTYP_F":0,"ELEVTYP_T":0},"geometry":{"type":"LineString","coordinates":[[-74.711997722111,39.1123663393643],[-74.7116490830339,39.1127801867723]]}},{"type":"Feature","id":330035,"properties":{"OBJECTID":330035,"PRIMENAME":"41st Street","ELEVTYP_F":0,"ELEVTYP_T":0},"geometry":{"type":"LineString","coordinates":[[-74.7329625991708,39.0909176722305],[-74.7312895002134,39.0900544024883],[-74.7309318092788,39.0898718019882]]}},{"type":"Feature","id":331060,"properties":{"OBJECTID":331060,"PRIMENAME":"8th Street West","ELEVTYP_F":0,"ELEVTYP_T":0},"geometry":{"type":"LineString","coordinates":[[-74.7074041205585,39.1081674302938],[-74.7074470655791,39.108192416366],[-74.7077361130954,39.1083436611608],[-74.7090251104153,39.1090075411223]]}},{"type":"Feature","id":331201,"properties":{"OBJECTID":331201,"PRIMENAME":"66th Street","ELEVTYP_F":0,"ELEVTYP_T":0},"geometry":{"type":"LineString","coordinates":[[-74.7413353606718,39.0722157204251],[-74.7422707558286,39.0726886680211]]}},{"type":"Feature","id":331211,"properties":{"OBJECTID":331211,"PRIMENAME":"Dune Drive","ELEVTYP_F":0,"ELEVTYP_T":0},"geometry":{"type":"LineString","coordinates":[[-74.7498530388308,39.063703182589],[-74.7493182508254,39.0643370526256]]}},{"type":"Feature","id":331382,"properties":{"OBJECTID":331382,"PRIMENAME":"Avalon Avenue","ELEVTYP_F":0,"ELEVTYP_T":0},"geometry":{"type":"LineString","coordinates":[[-74.7126697615601,39.1016789709855],[-74.7124247661491,39.101969180945],[-74.712133909212,39.102314444503]]}},{"type":"Feature","id":331595,"properties":{"OBJECTID":331595,"PRIMENAME":"74th Street","ELEVTYP_F":0,"ELEVTYP_T":0},"geometry":{"type":"LineString","coordinates":[[-74.7487958297471,39.0686650927755],[-74.7483246654145,39.0684181236827],[-74.7467740311979,39.0676265591338]]}},{"type":"Feature","id":331881,"properties":{"OBJECTID":331881,"PRIMENAME":"Avalon Avenue","ELEVTYP_F":0,"ELEVTYP_T":0},"geometry":{"type":"LineString","coordinates":[[-74.712133909212,39.102314444503],[-74.7115877971819,39.1029628666961]]}},{"type":"Feature","id":332304,"properties":{"OBJECTID":332304,"PRIMENAME":"26th Street West","ELEVTYP_F":0,"ELEVTYP_T":0},"geometry":{"type":"LineString","coordinates":[[-74.7228218441182,39.0995095887053],[-74.7209468450832,39.098552568419],[-74.7207773978316,39.0984662871988]]}},{"type":"Feature","id":332566,"properties":{"OBJECTID":332566,"PRIMENAME":"Meadowview Lane","ELEVTYP_F":0,"ELEVTYP_T":0},"geometry":{"type":"LineString","coordinates":[[-74.7380517818156,39.1113872603192],[-74.7383443496722,39.1113866625444],[-74.7383480799066,39.111386654918],[-74.7393775035689,39.1113901480948],[-74.73949321928,39.1113905410289]]}},{"type":"Feature","id":332614,"properties":{"OBJECTID":332614,"PRIMENAME":"Dune Drive","ELEVTYP_F":0,"ELEVTYP_T":0},"geometry":{"type":"LineString","coordinates":[[-74.7152276777146,39.1048238910915],[-74.7146864976451,39.1054691609345]]}},{"type":"Feature","id":332898,"properties":{"OBJECTID":332898,"PRIMENAME":"Ocean Drive","ELEVTYP_F":0,"ELEVTYP_T":0},"geometry":{"type":"LineString","coordinates":[[-74.7201118288181,39.1027294818835],[-74.7195680737892,39.1033771954957]]}},{"type":"Feature","id":332977,"properties":{"OBJECTID":332977,"PRIMENAME":"18th Street West","ELEVTYP_F":0,"ELEVTYP_T":0},"geometry":{"type":"LineString","coordinates":[[-74.7163067838488,39.1035394448591],[-74.7148655405933,39.1028045908597],[-74.7144223054181,39.1025769021932]]}},{"type":"Feature","id":334294,"properties":{"OBJECTID":334294,"PRIMENAME":"25th Street West","ELEVTYP_F":0,"ELEVTYP_T":0},"geometry":{"type":"LineString","coordinates":[[-74.7164551170724,39.0971798878517],[-74.7173297434512,39.0976277196677],[-74.7182133779512,39.0980786584684]]}},{"type":"Feature","id":334608,"properties":{"OBJECTID":334608,"PRIMENAME":"80th Street","ELEVTYP_F":0,"ELEVTYP_T":0},"geometry":{"type":"LineString","coordinates":[[-74.7500271514706,39.0637933902912],[-74.7503817810122,39.0639771054017],[-74.7520338312323,39.0648235113107]]}},{"type":"Feature","id":335275,"properties":{"OBJECTID":335275,"PRIMENAME":"Dune Drive","ELEVTYP_F":0,"ELEVTYP_T":0},"geometry":{"type":"LineString","coordinates":[[-74.7217315498032,39.0971202458593],[-74.7211901379961,39.0977660965881]]}},{"type":"Feature","id":336386,"properties":{"OBJECTID":336386,"PRIMENAME":"Flamingo Drive","ELEVTYP_F":0,"ELEVTYP_T":0},"geometry":{"type":"LineString","coordinates":[[-74.7413321211473,39.0906115452222],[-74.74125186497,39.0899833513859],[-74.7412491156398,39.0899618420751],[-74.7412100882234,39.0897789700996],[-74.7411713310608,39.0896859131922],[-74.7411027545987,39.0895995346775],[-74.7410128145532,39.089509932899],[-74.7408972838339,39.0894270015677],[-74.7405894125623,39.0892713190278],[-74.7399532804997,39.0889417548427],[-74.7398411165792,39.0888836438565]]}},{"type":"Feature","id":337384,"properties":{"OBJECTID":337384,"PRIMENAME":"61st Street","ELEVTYP_F":0,"ELEVTYP_T":0},"geometry":{"type":"LineString","coordinates":[[-74.7397336660186,39.0759901662929],[-74.7404662733711,39.0763622241085],[-74.7417577524925,39.0770190954227]]}},{"type":"Feature","id":338397,"properties":{"OBJECTID":338397,"PRIMENAME":"Channel Road","ELEVTYP_F":0,"ELEVTYP_T":0},"geometry":{"type":"LineString","coordinates":[[-74.7347175484067,39.1104831882819],[-74.7347133093616,39.1104270452294],[-74.7347211167074,39.1103583849784],[-74.7347448900307,39.1102896925787],[-74.7347807073699,39.1102179004277],[-74.7348165186145,39.1101554437536],[-74.7348604590977,39.1101210329739],[-74.734914329938,39.1100999121814],[-74.734916424725,39.110099091793],[-74.7350285033085,39.1100895024942],[-74.7357211696705,39.1100850015084],[-74.7360054126428,39.1100750360128],[-74.7361695978315,39.1100809635102],[-74.7363618540816,39.1101024032046],[-74.7368586113473,39.1101856349993],[-74.7374995553808,39.1102903733235]]}},{"type":"Feature","id":339561,"properties":{"OBJECTID":339561,"PRIMENAME":"30th Street West","ELEVTYP_F":0,"ELEVTYP_T":0},"geometry":{"type":"LineString","coordinates":[[-74.7209046743076,39.0948628782081],[-74.7201538414743,39.0944825507596],[-74.7191643703761,39.0939676839505]]}},{"type":"Feature","id":339627,"properties":{"OBJECTID":339627,"PRIMENAME":"80th Street","ELEVTYP_F":0,"ELEVTYP_T":0},"geometry":{"type":"LineString","coordinates":[[-74.7498530388308,39.063703182589],[-74.7499274130735,39.0637417203026],[-74.7500271514706,39.0637933902912]]}},{"type":"Feature","id":339782,"properties":{"OBJECTID":339782,"PRIMENAME":"20th Street West","ELEVTYP_F":0,"ELEVTYP_T":0},"geometry":{"type":"LineString","coordinates":[[-74.7172262349439,39.1021726070074],[-74.7160589054959,39.1015779820447],[-74.7155042862591,39.1012940773502]]}},{"type":"Feature","id":339810,"properties":{"OBJECTID":339810,"PRIMENAME":"Ocean Drive","ELEVTYP_F":0,"ELEVTYP_T":0},"geometry":{"type":"LineString","coordinates":[[-74.722278382985,39.1001567381626],[-74.7217375864751,39.10080253499]]}},{"type":"Feature","id":339877,"properties":{"OBJECTID":339877,"PRIMENAME":"Bayberry Road","ELEVTYP_F":0,"ELEVTYP_T":0},"geometry":{"type":"LineString","coordinates":[[-74.7274468577823,39.0890101018562],[-74.728631972433,39.087604653757],[-74.7289176520487,39.0872492545341],[-74.7289585005957,39.0872101557915],[-74.7290085093609,39.0871816663776],[-74.7290584937091,39.0871567191344],[-74.7291222410958,39.087149509599],[-74.7291950770874,39.0871529085972],[-74.7292953227701,39.0871775605693],[-74.7294412848914,39.0872517674777],[-74.7298334363483,39.0874625040526]]}},{"type":"Feature","id":340596,"properties":{"OBJECTID":340596,"PRIMENAME":"63rd Street","ELEVTYP_F":0,"ELEVTYP_T":0},"geometry":{"type":"LineString","coordinates":[[-74.739831221674,39.0741933311474],[-74.7406533453718,39.074614519142]]}},{"type":"Feature","id":340905,"properties":{"OBJECTID":340905,"PRIMENAME":"Ocean Drive","ELEVTYP_F":0,"ELEVTYP_T":0},"geometry":{"type":"LineString","coordinates":[[-74.7471673699393,39.0705976485912],[-74.7466558855202,39.0712064063452],[-74.7466298570231,39.0712373786634]]}},{"type":"Feature","id":340918,"properties":{"OBJECTID":340918,"PRIMENAME":"Ocean Drive","ELEVTYP_F":0,"ELEVTYP_T":0},"geometry":{"type":"LineString","coordinates":[[-74.7466298570231,39.0712373786634],[-74.7460898402524,39.0718790339021]]}},{"type":"Feature","id":341252,"properties":{"OBJECTID":341252,"PRIMENAME":"13th Street West","ELEVTYP_F":0,"ELEVTYP_T":0},"geometry":{"type":"LineString","coordinates":[[-74.7099637236415,39.1048903829944],[-74.7101889431309,39.1050067550034],[-74.7115284822913,39.105684904013],[-74.7117207764364,39.1057846121385]]}},{"type":"Feature","id":341423,"properties":{"OBJECTID":341423,"PRIMENAME":"Ocean Drive","ELEVTYP_F":0,"ELEVTYP_T":0},"geometry":{"type":"LineString","coordinates":[[-74.7298362446486,39.0911720699347],[-74.7293077226883,39.0918012659647]]}},{"type":"Feature","id":341875,"properties":{"OBJECTID":341875,"PRIMENAME":"23rd Street East","ELEVTYP_F":0,"ELEVTYP_T":0},"geometry":{"type":"LineString","coordinates":[[-74.7153759792905,39.0984680978671],[-74.7137520442289,39.0976307635913]]}},{"type":"Feature","id":341999,"properties":{"OBJECTID":341999,"PRIMENAME":"Meadowview Lane","ELEVTYP_F":0,"ELEVTYP_T":0},"geometry":{"type":"LineString","coordinates":[[-74.7369826546817,39.1111806213481],[-74.7372065079495,39.1112486187301],[-74.7372107787382,39.1112498144723],[-74.7374830123091,39.1113260357939],[-74.7376352877257,39.1113631502743],[-74.737755452254,39.111378501631],[-74.737915668728,39.1113875381752],[-74.7380517818156,39.1113872603192]]}},{"type":"Feature","id":342074,"properties":{"OBJECTID":342074,"PRIMENAME":"Seabass Lane","ELEVTYP_F":0,"ELEVTYP_T":0},"geometry":{"type":"LineString","coordinates":[[-74.7369826546817,39.1111806213481],[-74.7372643359484,39.1105840481914]]}},{"type":"Feature","id":342806,"properties":{"OBJECTID":342806,"PRIMENAME":"Seabreeze Lane","ELEVTYP_F":0,"ELEVTYP_T":0},"geometry":{"type":"LineString","coordinates":[[-74.7404252744684,39.1128991341101],[-74.7405385433855,39.1126579852946],[-74.7405941686045,39.1125362048899],[-74.7406179505263,39.1124613053744],[-74.7406337859266,39.1124019906849],[-74.7406375137343,39.1123271334567],[-74.7406366225988,39.1120651051679],[-74.7406468272503,39.1115316874377],[-74.7406488402934,39.1109421079648],[-74.7406441538476,39.1107456015279],[-74.7406359305708,39.1106800764958],[-74.7406116921931,39.1106209003535],[-74.7405714328966,39.1105554684552],[-74.7404911679491,39.1104995104028],[-74.7404069496183,39.1104622313975],[-74.740326833089,39.1104499036377],[-74.7401426386323,39.1104471806828],[-74.7397542425217,39.1104448496374],[-74.7384009334581,39.1104413919512]]}},{"type":"Feature","id":342998,"properties":{"OBJECTID":342998,"PRIMENAME":"20th Street West","ELEVTYP_F":0,"ELEVTYP_T":0},"geometry":{"type":"LineString","coordinates":[[-74.7175238517112,39.1023242549465],[-74.7174205428989,39.1022716182975],[-74.7172262349439,39.1021726070074]]}},{"type":"Feature","id":345598,"properties":{"OBJECTID":345598,"PRIMENAME":"10th Street West","ELEVTYP_F":0,"ELEVTYP_T":0},"geometry":{"type":"LineString","coordinates":[[-74.7100986001358,39.1077185229121],[-74.7083458099851,39.1068213793126]]}},{"type":"Feature","id":349472,"properties":{"OBJECTID":349472,"PRIMENAME":"Dune Drive","ELEVTYP_F":0,"ELEVTYP_T":0},"geometry":{"type":"LineString","coordinates":[[-74.7116061691921,39.1094023422254],[-74.7121417019779,39.1087589089423]]}},{"type":"Feature","id":349859,"properties":{"OBJECTID":349859,"PRIMENAME":"Dune Drive","ELEVTYP_F":0,"ELEVTYP_T":0},"geometry":{"type":"LineString","coordinates":[[-74.7159278607285,39.1042617140017],[-74.7164655789434,39.103620425558]]}},{"type":"Feature","id":350448,"properties":{"OBJECTID":350448,"PRIMENAME":"Dune Drive","ELEVTYP_F":0,"ELEVTYP_T":0},"geometry":{"type":"LineString","coordinates":[[-74.7337931116025,39.0830644292689],[-74.7337963057591,39.0830607428877],[-74.7343306180481,39.0824246495543]]}},{"type":"Feature","id":350451,"properties":{"OBJECTID":350451,"PRIMENAME":"Dune Drive","ELEVTYP_F":0,"ELEVTYP_T":0},"geometry":{"type":"LineString","coordinates":[[-74.7256646333242,39.0926973530931],[-74.7262058617128,39.0920518661228]]}},{"type":"Feature","id":351412,"properties":{"OBJECTID":351412,"PRIMENAME":"Dune Drive","ELEVTYP_F":0,"ELEVTYP_T":0},"geometry":{"type":"LineString","coordinates":[[-74.7299989651189,39.0875514159081],[-74.7305459186393,39.0869137217968]]}},{"type":"Feature","id":351662,"properties":{"OBJECTID":351662,"PRIMENAME":"Dune Drive","ELEVTYP_F":0,"ELEVTYP_T":0},"geometry":{"type":"LineString","coordinates":[[-74.7494836291098,39.064421544065],[-74.7500271514706,39.0637933902912]]}},{"type":"Feature","id":351708,"properties":{"OBJECTID":351708,"PRIMENAME":"Dune Drive","ELEVTYP_F":0,"ELEVTYP_T":0},"geometry":{"type":"LineString","coordinates":[[-74.7207773978316,39.0984662871988],[-74.7213217482614,39.0978330087291]]}},{"type":"Feature","id":351852,"properties":{"OBJECTID":351852,"PRIMENAME":"Dune Drive","ELEVTYP_F":0,"ELEVTYP_T":0},"geometry":{"type":"LineString","coordinates":[[-74.7332596444353,39.0836820941836],[-74.7337931116025,39.0830644292689]]}},{"type":"Feature","id":351928,"properties":{"OBJECTID":351928,"PRIMENAME":"Dune Drive","ELEVTYP_F":0,"ELEVTYP_T":0},"geometry":{"type":"LineString","coordinates":[[-74.7164655789434,39.103620425558],[-74.7169929445271,39.1029735532681]]}},{"type":"Feature","id":352050,"properties":{"OBJECTID":352050,"PRIMENAME":"Dune Drive","ELEVTYP_F":0,"ELEVTYP_T":0},"geometry":{"type":"LineString","coordinates":[[-74.7364984661446,39.0798405110801],[-74.7370403006498,39.0792034555902],[-74.7370465111724,39.0791960019305]]}},{"type":"Feature","id":352539,"properties":{"OBJECTID":352539,"PRIMENAME":"Dune Drive","ELEVTYP_F":0,"ELEVTYP_T":0},"geometry":{"type":"LineString","coordinates":[[-74.7121417019779,39.1087589089423],[-74.7126935790697,39.1081154442209]]}},{"type":"Feature","id":352887,"properties":{"OBJECTID":352887,"PRIMENAME":"Dune Drive","ELEVTYP_F":0,"ELEVTYP_T":0},"geometry":{"type":"LineString","coordinates":[[-74.7272796920052,39.090760900375],[-74.7278200747463,39.0901355071428]]}},{"type":"Feature","id":354292,"properties":{"OBJECTID":354292,"PRIMENAME":"Dune Drive","ELEVTYP_F":0,"ELEVTYP_T":0},"geometry":{"type":"LineString","coordinates":[[-74.7473210355821,39.0669895537046],[-74.7478675679337,39.066351558418]]}},{"type":"Feature","id":354301,"properties":{"OBJECTID":354301,"PRIMENAME":"Dune Drive","ELEVTYP_F":0,"ELEVTYP_T":0},"geometry":{"type":"LineString","coordinates":[[-74.7316209647394,39.0856115664592],[-74.7321594698783,39.0849849744562]]}},{"type":"Feature","id":355552,"properties":{"OBJECTID":355552,"PRIMENAME":"30th Street West","ELEVTYP_F":0,"ELEVTYP_T":0},"geometry":{"type":"LineString","coordinates":[[-74.7229022614136,39.0959910161195],[-74.7228033299781,39.0958439352749]]}},{"type":"Feature","id":357858,"properties":{"OBJECTID":357858,"PRIMENAME":"Dune Drive","ELEVTYP_F":0,"ELEVTYP_T":0},"geometry":{"type":"LineString","coordinates":[[-74.7175238517112,39.1023242549465],[-74.7180170849391,39.1017728468301]]}},{"type":"Feature","id":358719,"properties":{"OBJECTID":358719,"PRIMENAME":"2nd Avenue","ELEVTYP_F":0,"ELEVTYP_T":0},"geometry":{"type":"LineString","coordinates":[[-74.7505660391674,39.0631451134025],[-74.7505669159821,39.0631440683297],[-74.7510698175556,39.0625582757315],[-74.7511108699568,39.0625104564932],[-74.7511157441495,39.0625046526055]]}},{"type":"Feature","id":360670,"properties":{"OBJECTID":360670,"PRIMENAME":"30th Street West","ELEVTYP_F":0,"ELEVTYP_T":0},"geometry":{"type":"LineString","coordinates":[[-74.7249721335497,39.0969368797345],[-74.724908141625,39.0968456399783],[-74.7243817826329,39.0965710744791],[-74.7243099213395,39.096537012783],[-74.7242361883732,39.0965054734525],[-74.7241607294465,39.0964765188153],[-74.7240836936822,39.0964502060911],[-74.7239656859098,39.096411509843],[-74.7239163579953,39.0964005303581],[-74.7238678299139,39.0963875660249],[-74.723820233098,39.0963726519559],[-74.7237736964577,39.0963558285442],[-74.723039285878,39.0960050055128],[-74.7229022614136,39.0959910161195]]}},{"type":"Feature","id":361584,"properties":{"OBJECTID":361584,"PRIMENAME":"Dune Drive","ELEVTYP_F":0,"ELEVTYP_T":0},"geometry":{"type":"LineString","coordinates":[[-74.7278200747463,39.0901355071428],[-74.7283662775053,39.0894821744948]]}},{"type":"Feature","id":365481,"properties":{"OBJECTID":365481,"PRIMENAME":"Dune Drive","ELEVTYP_F":0,"ELEVTYP_T":0},"geometry":{"type":"LineString","coordinates":[[-74.7392014423597,39.0766318821974],[-74.7397336660186,39.0759901662929]]}},{"type":"Feature","id":366279,"properties":{"OBJECTID":366279,"PRIMENAME":"Sunrise Drive","ELEVTYP_F":0,"ELEVTYP_T":0},"geometry":{"type":"LineString","coordinates":[[-74.7297611107531,39.1079959875258],[-74.729547405741,39.1081285907224],[-74.7294633039627,39.1081788127651],[-74.7294191602733,39.10819449511],[-74.7293670311226,39.1082040160392],[-74.7293188648706,39.1082072412362],[-74.7292666502127,39.1082010830416],[-74.72917818034,39.1081543588778],[-74.7280806834872,39.1076404679558],[-74.7277395438453,39.1074789138519]]}},{"type":"Feature","id":366699,"properties":{"OBJECTID":366699,"PRIMENAME":"Dune Drive","ELEVTYP_F":0,"ELEVTYP_T":0},"geometry":{"type":"LineString","coordinates":[[-74.7289162636997,39.0888469812281],[-74.7289184046871,39.0888445339188],[-74.7294599686655,39.088190243923],[-74.7294602842332,39.0881898865652]]}},{"type":"Feature","id":367206,"properties":{"OBJECTID":367206,"PRIMENAME":"Dune Drive","ELEVTYP_F":0,"ELEVTYP_T":0},"geometry":{"type":"LineString","coordinates":[[-74.7321594698783,39.0849849744562],[-74.7321629794773,39.0849808487784],[-74.7327077348961,39.0843404316959],[-74.7327080858979,39.0843399634537]]}},{"type":"Feature","id":367568,"properties":{"OBJECTID":367568,"PRIMENAME":"Dune Drive","ELEVTYP_F":0,"ELEVTYP_T":0},"geometry":{"type":"LineString","coordinates":[[-74.7327080858979,39.0843399634537],[-74.7332525548942,39.0836903178211],[-74.7332596444353,39.0836820941836]]}},{"type":"Feature","id":371813,"properties":{"OBJECTID":371813,"PRIMENAME":"Dune Drive","ELEVTYP_F":0,"ELEVTYP_T":0},"geometry":{"type":"LineString","coordinates":[[-74.7456946394026,39.0689185979333],[-74.7462250093502,39.0682837480132]]}},{"type":"Feature","id":373599,"properties":{"OBJECTID":373599,"PRIMENAME":"Dune Drive","ELEVTYP_F":0,"ELEVTYP_T":0},"geometry":{"type":"LineString","coordinates":[[-74.7137610114505,39.1068312632898],[-74.7143015573472,39.1061914356579]]}},{"type":"Feature","id":374642,"properties":{"OBJECTID":374642,"PRIMENAME":"Dune Drive","ELEVTYP_F":0,"ELEVTYP_T":0},"geometry":{"type":"LineString","coordinates":[[-74.744616062261,39.0702032395975],[-74.7451531059494,39.069557149737]]}},{"type":"Feature","id":376365,"properties":{"OBJECTID":376365,"PRIMENAME":"30th Street West","ELEVTYP_F":0,"ELEVTYP_T":0},"geometry":{"type":"LineString","coordinates":[[-74.7229022614136,39.0959910161195],[-74.722977395004,39.0960714327021],[-74.7235319625222,39.096364076483],[-74.7237680343087,39.0964601532426],[-74.7239940482431,39.0965344537006],[-74.7242241171724,39.0966274277304],[-74.7248464380696,39.0969204916277],[-74.7249721335497,39.0969368797345]]}},{"type":"Feature","id":377084,"properties":{"OBJECTID":377084,"PRIMENAME":"Dune Drive","ELEVTYP_F":0,"ELEVTYP_T":0},"geometry":{"type":"LineString","coordinates":[[-74.7354117484824,39.0811182986597],[-74.7359597867079,39.0804866453983]]}},{"type":"Feature","id":377175,"properties":{"OBJECTID":377175,"PRIMENAME":"Dune Drive","ELEVTYP_F":0,"ELEVTYP_T":0},"geometry":{"type":"LineString","coordinates":[[-74.7197009292088,39.0997550543405],[-74.7202356100925,39.0991107332566]]}},{"type":"Feature","id":377345,"properties":{"OBJECTID":377345,"PRIMENAME":"Dune Drive","ELEVTYP_F":0,"ELEVTYP_T":0},"geometry":{"type":"LineString","coordinates":[[-74.7267548834472,39.0914115232925],[-74.7272796920052,39.090760900375]]}},{"type":"Feature","id":378258,"properties":{"OBJECTID":378258,"PRIMENAME":"Dune Drive","ELEVTYP_F":0,"ELEVTYP_T":0},"geometry":{"type":"LineString","coordinates":[[-74.7148338972641,39.1055451948324],[-74.7153764155284,39.1048999497685]]}},{"type":"Feature","id":378610,"properties":{"OBJECTID":378610,"PRIMENAME":"Dune Drive","ELEVTYP_F":0,"ELEVTYP_T":0},"geometry":{"type":"LineString","coordinates":[[-74.7359597867079,39.0804866453983],[-74.735961716418,39.0804844172911],[-74.7364954129096,39.0798440864465],[-74.7364984661446,39.0798405110801]]}},{"type":"Feature","id":378656,"properties":{"OBJECTID":378656,"PRIMENAME":"Dune Drive","ELEVTYP_F":0,"ELEVTYP_T":0},"geometry":{"type":"LineString","coordinates":[[-74.7413638540861,39.0740553230796],[-74.7419068700667,39.073418351897]]}},{"type":"Feature","id":378763,"properties":{"OBJECTID":378763,"PRIMENAME":"Dune Drive","ELEVTYP_F":0,"ELEVTYP_T":0},"geometry":{"type":"LineString","coordinates":[[-74.7153764155284,39.1048999497685],[-74.7159278607285,39.1042617140017]]}},{"type":"Feature","id":378911,"properties":{"OBJECTID":378911,"PRIMENAME":"Dune Drive","ELEVTYP_F":0,"ELEVTYP_T":0},"geometry":{"type":"LineString","coordinates":[[-74.7429936465628,39.0721338016857],[-74.7435294972045,39.0714908245072]]}},{"type":"Feature","id":378920,"properties":{"OBJECTID":378920,"PRIMENAME":"Dune Drive","ELEVTYP_F":0,"ELEVTYP_T":0},"geometry":{"type":"LineString","coordinates":[[-74.722410329596,39.0965490911575],[-74.7229022614136,39.0959910161195]]}},{"type":"Feature","id":378951,"properties":{"OBJECTID":378951,"PRIMENAME":"Dune Drive","ELEVTYP_F":0,"ELEVTYP_T":0},"geometry":{"type":"LineString","coordinates":[[-74.7218634813393,39.0971884477026],[-74.722410329596,39.0965490911575]]}},{"type":"Feature","id":379443,"properties":{"OBJECTID":379443,"PRIMENAME":"Dune Drive","ELEVTYP_F":0,"ELEVTYP_T":0},"geometry":{"type":"LineString","coordinates":[[-74.7143015573472,39.1061914356579],[-74.7143026103082,39.1061901707338],[-74.7148338972641,39.1055451948324]]}},{"type":"Feature","id":380264,"properties":{"OBJECTID":380264,"PRIMENAME":"2nd Avenue","ELEVTYP_F":0,"ELEVTYP_T":0},"geometry":{"type":"LineString","coordinates":[[-74.7500271514706,39.0637933902912],[-74.7505660391674,39.0631451134025]]}},{"type":"Feature","id":380573,"properties":{"OBJECTID":380573,"PRIMENAME":"Dune Drive","ELEVTYP_F":0,"ELEVTYP_T":0},"geometry":{"type":"LineString","coordinates":[[-74.7397336660186,39.0759901662929],[-74.7402892933513,39.0753445548383]]}},{"type":"Feature","id":380630,"properties":{"OBJECTID":380630,"PRIMENAME":"Dune Drive","ELEVTYP_F":0,"ELEVTYP_T":0},"geometry":{"type":"LineString","coordinates":[[-74.7110659399979,39.110046467034],[-74.7116061691921,39.1094023422254]]}},{"type":"Feature","id":381214,"properties":{"OBJECTID":381214,"PRIMENAME":"Dune Drive","ELEVTYP_F":0,"ELEVTYP_T":0},"geometry":{"type":"LineString","coordinates":[[-74.7180857909395,39.1016960390143],[-74.7181661108588,39.1015931424746]]}},{"type":"Feature","id":381843,"properties":{"OBJECTID":381843,"PRIMENAME":"Dune Drive","ELEVTYP_F":0,"ELEVTYP_T":0},"geometry":{"type":"LineString","coordinates":[[-74.7402892933513,39.0753445548383],[-74.7408245964077,39.0747022779685]]}},{"type":"Feature","id":381982,"properties":{"OBJECTID":381982,"PRIMENAME":"Dune Drive","ELEVTYP_F":0,"ELEVTYP_T":0},"geometry":{"type":"LineString","coordinates":[[-74.7343306180481,39.0824246495543],[-74.7343358817928,39.0824183780602],[-74.7348205643994,39.0818355305742],[-74.7348737780827,39.0817715386295],[-74.7348792862837,39.0817647729513]]}},{"type":"Feature","id":382672,"properties":{"OBJECTID":382672,"PRIMENAME":"2nd Avenue","ELEVTYP_F":0,"ELEVTYP_T":0},"geometry":{"type":"LineString","coordinates":[[-74.7511157441495,39.0625046526055],[-74.7516548038514,39.0618641562767]]}},{"type":"Feature","id":382871,"properties":{"OBJECTID":382871,"PRIMENAME":"Dune Drive","ELEVTYP_F":0,"ELEVTYP_T":0},"geometry":{"type":"LineString","coordinates":[[-74.7348792862837,39.0817647729513],[-74.7354068354423,39.0811239650242],[-74.7354117484824,39.0811182986597]]}},{"type":"Feature","id":382935,"properties":{"OBJECTID":382935,"PRIMENAME":"Dune Drive","ELEVTYP_F":0,"ELEVTYP_T":0},"geometry":{"type":"LineString","coordinates":[[-74.7467740311979,39.0676265591338],[-74.7473210355821,39.0669895537046]]}},{"type":"Feature","id":383097,"properties":{"OBJECTID":383097,"PRIMENAME":"Dune Drive","ELEVTYP_F":0,"ELEVTYP_T":0},"geometry":{"type":"LineString","coordinates":[[-74.7191495982208,39.1003963278103],[-74.7194173251587,39.100083491033],[-74.7197009292088,39.0997550543405]]}},{"type":"Feature","id":383331,"properties":{"OBJECTID":383331,"PRIMENAME":"Dune Drive","ELEVTYP_F":0,"ELEVTYP_T":0},"geometry":{"type":"LineString","coordinates":[[-74.7169929445271,39.1029735532681],[-74.7175238517112,39.1023242549465]]}},{"type":"Feature","id":383357,"properties":{"OBJECTID":383357,"PRIMENAME":"Dune Drive","ELEVTYP_F":0,"ELEVTYP_T":0},"geometry":{"type":"LineString","coordinates":[[-74.7440745805743,39.0708416753599],[-74.744616062261,39.0702032395975]]}},{"type":"Feature","id":383360,"properties":{"OBJECTID":383360,"PRIMENAME":"Dune Drive","ELEVTYP_F":0,"ELEVTYP_T":0},"geometry":{"type":"LineString","coordinates":[[-74.71859896333,39.101038614365],[-74.7191495982208,39.1003963278103]]}},{"type":"Feature","id":383383,"properties":{"OBJECTID":383383,"PRIMENAME":"Dune Drive","ELEVTYP_F":0,"ELEVTYP_T":0},"geometry":{"type":"LineString","coordinates":[[-74.7424434819483,39.0727759827224],[-74.7429936465628,39.0721338016857]]}},{"type":"Feature","id":383504,"properties":{"OBJECTID":383504,"PRIMENAME":"Dune Drive","ELEVTYP_F":0,"ELEVTYP_T":0},"geometry":{"type":"LineString","coordinates":[[-74.7213217482614,39.0978330087291],[-74.7218634813393,39.0971884477026]]}},{"type":"Feature","id":383712,"properties":{"OBJECTID":383712,"PRIMENAME":"Dune Drive","ELEVTYP_F":0,"ELEVTYP_T":0},"geometry":{"type":"LineString","coordinates":[[-74.7435294972045,39.0714908245072],[-74.7440745805743,39.0708416753599]]}},{"type":"Feature","id":383910,"properties":{"OBJECTID":383910,"PRIMENAME":"24th Street","ELEVTYP_F":0,"ELEVTYP_T":0},"geometry":{"type":"LineString","coordinates":[[-74.725810114797,39.1028813822621],[-74.727731548256,39.1038662392158],[-74.7278493806267,39.1039271135105],[-74.7283349593697,39.1041779694374],[-74.7284675411722,39.1042452832042],[-74.7285452557351,39.1042806621294],[-74.7286208177414,39.104304291861],[-74.7287005704564,39.1043159428561],[-74.7287963664331,39.1043193240594],[-74.7288693381395,39.1043156116735]]}},{"type":"Feature","id":383972,"properties":{"OBJECTID":383972,"PRIMENAME":"Dune Drive","ELEVTYP_F":0,"ELEVTYP_T":0},"geometry":{"type":"LineString","coordinates":[[-74.7126935790697,39.1081154442209],[-74.7132302013708,39.1074770837059]]}},{"type":"Feature","id":385292,"properties":{"OBJECTID":385292,"PRIMENAME":"Dune Drive","ELEVTYP_F":0,"ELEVTYP_T":0},"geometry":{"type":"LineString","coordinates":[[-74.7381232054003,39.0779090476528],[-74.7386584643829,39.0772737005015]]}},{"type":"Feature","id":386193,"properties":{"OBJECTID":386193,"PRIMENAME":"Dune Drive","ELEVTYP_F":0,"ELEVTYP_T":0},"geometry":{"type":"LineString","coordinates":[[-74.7181661108588,39.1015931424746],[-74.71859896333,39.101038614365]]}},{"type":"Feature","id":386436,"properties":{"OBJECTID":386436,"PRIMENAME":"Dune Drive","ELEVTYP_F":0,"ELEVTYP_T":0},"geometry":{"type":"LineString","coordinates":[[-74.7240251935682,39.0946177378595],[-74.724585007649,39.0939903452746]]}},{"type":"Feature","id":386599,"properties":{"OBJECTID":386599,"PRIMENAME":"Dune Drive","ELEVTYP_F":0,"ELEVTYP_T":0},"geometry":{"type":"LineString","coordinates":[[-74.7294602842332,39.0881898865652],[-74.7299989651189,39.0875514159081]]}},{"type":"Feature","id":387522,"properties":{"OBJECTID":387522,"PRIMENAME":"Dune Drive","ELEVTYP_F":0,"ELEVTYP_T":0},"geometry":{"type":"LineString","coordinates":[[-74.723483585506,39.0952557741746],[-74.7240251935682,39.0946177378595]]}},{"type":"Feature","id":390479,"properties":{"OBJECTID":390479,"PRIMENAME":"Dune Drive","ELEVTYP_F":0,"ELEVTYP_T":0},"geometry":{"type":"LineString","coordinates":[[-74.7132302013708,39.1074770837059],[-74.7137610114505,39.1068312632898]]}},{"type":"Feature","id":391643,"properties":{"OBJECTID":391643,"PRIMENAME":"Dune Drive","ELEVTYP_F":0,"ELEVTYP_T":0},"geometry":{"type":"LineString","coordinates":[[-74.724585007649,39.0939903452746],[-74.7246279205551,39.0939335072847],[-74.725121229736,39.0933377068465]]}},{"type":"Feature","id":393381,"properties":{"OBJECTID":393381,"PRIMENAME":"Dune Drive","ELEVTYP_F":0,"ELEVTYP_T":0},"geometry":{"type":"LineString","coordinates":[[-74.725121229736,39.0933377068465],[-74.7256646333242,39.0926973530931]]}},{"type":"Feature","id":393739,"properties":{"OBJECTID":393739,"PRIMENAME":"Dune Drive","ELEVTYP_F":0,"ELEVTYP_T":0},"geometry":{"type":"LineString","coordinates":[[-74.7408245964077,39.0747022779685],[-74.7413638540861,39.0740553230796]]}},{"type":"Feature","id":395971,"properties":{"OBJECTID":395971,"PRIMENAME":"Dune Drive","ELEVTYP_F":0,"ELEVTYP_T":0},"geometry":{"type":"LineString","coordinates":[[-74.7262058617128,39.0920518661228],[-74.7267548834472,39.0914115232925]]}},{"type":"Feature","id":396791,"properties":{"OBJECTID":396791,"PRIMENAME":"Dune Drive","ELEVTYP_F":0,"ELEVTYP_T":0},"geometry":{"type":"LineString","coordinates":[[-74.7310677167442,39.08626855281],[-74.7310697521228,39.0862660227913],[-74.7316163668987,39.0856169572747],[-74.7316209647394,39.0856115664592]]}},{"type":"Feature","id":397683,"properties":{"OBJECTID":397683,"PRIMENAME":"Dune Drive","ELEVTYP_F":0,"ELEVTYP_T":0},"geometry":{"type":"LineString","coordinates":[[-74.7305459186393,39.0869137217968],[-74.730548902326,39.0869102566312],[-74.7310677167442,39.08626855281]]}},{"type":"Feature","id":397741,"properties":{"OBJECTID":397741,"PRIMENAME":"Dune Drive","ELEVTYP_F":0,"ELEVTYP_T":0},"geometry":{"type":"LineString","coordinates":[[-74.7419068700667,39.073418351897],[-74.7424434819483,39.0727759827224]]}},{"type":"Feature","id":397799,"properties":{"OBJECTID":397799,"PRIMENAME":"Avalon Boulevard","ELEVTYP_F":0,"ELEVTYP_T":0},"geometry":{"type":"LineString","coordinates":[[-74.7705448535156,39.1253733471202],[-74.7705005832921,39.1253518223944],[-74.7691603134967,39.124700084097],[-74.7679582753118,39.1241105059883],[-74.7669509149869,39.1236159142067],[-74.7659478721868,39.1231311878765],[-74.7653510848303,39.1228396824267],[-74.7645342176347,39.1224301944534],[-74.7639459016218,39.1221386625366],[-74.7634761310351,39.1219126493435],[-74.7627058541156,39.1215326692369],[-74.761897490877,39.1211363228545],[-74.7611230004468,39.1207563146592],[-74.7604924598804,39.1204484130456],[-74.7594682486961,39.1199439079481],[-74.7584441347751,39.1194427167935],[-74.7575934964358,39.1190299594262],[-74.7569417888902,39.1187089049836],[-74.7558541819975,39.1181749085601],[-74.7550374590615,39.1177752373452],[-74.7546439049034,39.1175852112233],[-74.7538864351487,39.1172117341588],[-74.7532389907301,39.1169005354726],[-74.7526762744004,39.1166450803576],[-74.7519993503462,39.1163569759645],[-74.7517551430208,39.1162525469672],[-74.7512698169945,39.1160450095201],[-74.7510728536312,39.1159607814098],[-74.7497105908586,39.1153779764896],[-74.7491394740771,39.1151323801586],[-74.7490644264006,39.1150997830583]]}},{"type":"Feature","id":399628,"properties":{"OBJECTID":399628,"PRIMENAME":"Dune Drive","ELEVTYP_F":0,"ELEVTYP_T":0},"geometry":{"type":"LineString","coordinates":[[-74.7370465111724,39.0791960019305],[-74.7375749612087,39.0785620466119]]}},{"type":"Feature","id":399679,"properties":{"OBJECTID":399679,"PRIMENAME":"Avalon Boulevard","ELEVTYP_F":0,"ELEVTYP_T":0},"geometry":{"type":"LineString","coordinates":[[-74.7490644264006,39.1150997830583],[-74.7487248735668,39.1149522909186],[-74.7483993863701,39.1148111953513],[-74.7483018047419,39.1147688950124],[-74.7479549127195,39.1146182587844],[-74.7476968272503,39.1145036216513],[-74.7474429611223,39.1143857076191],[-74.7471932912291,39.1142578991489],[-74.7469266695084,39.1141103840041],[-74.7467234770913,39.1139890387301],[-74.7465118511833,39.1138644435628],[-74.7462959274011,39.1137201150435],[-74.7460926914382,39.1135856163964],[-74.7458851822498,39.1134281160883],[-74.745720045973,39.1133132784644],[-74.745571781249,39.1131951106706],[-74.7453853866348,39.1130375658813],[-74.7452032100225,39.112876688695],[-74.7449404743627,39.1126271552499],[-74.7446649509809,39.1123480210005],[-74.744435890804,39.112081940131],[-74.7441778462325,39.1117727680591],[-74.7441644771173,39.1117567492805],[-74.7439309999362,39.1114248607869],[-74.7437144761478,39.111112705444],[-74.7434513088241,39.1107446882975],[-74.743039611249,39.1101564935135],[-74.7426300149915,39.1095684225575],[-74.7425132271085,39.1094007413861],[-74.7419997126348,39.1086844162578],[-74.7414781188259,39.1079289465778],[-74.7413417866679,39.1077314821133],[-74.7406924469846,39.1068212778674],[-74.7400770565148,39.1059406270126],[-74.7399115244341,39.1057007387578],[-74.7397460481301,39.1054773248426],[-74.7395509272259,39.1052309062955],[-74.7393516128975,39.1049943819213],[-74.7390930453532,39.1047119039695],[-74.7388811138689,39.1044951737446],[-74.7386269099669,39.1042620549507],[-74.738423617443,39.1040880586274],[-74.7382118806976,39.1039173735975],[-74.7378519326449,39.1036449579074],[-74.7376499099055,39.1035085193765],[-74.7375556280246,39.1034448441066],[-74.7373980619361,39.1033433449142],[-74.7372297252066,39.1032349056699],[-74.7370938094136,39.1031599703526],[-74.7370739211296,39.1031490051362],[-74.7369808802406,39.1030944794886]]}},{"type":"Feature","id":400090,"properties":{"OBJECTID":400090,"PRIMENAME":"Dune Drive","ELEVTYP_F":0,"ELEVTYP_T":0},"geometry":{"type":"LineString","coordinates":[[-74.7180170849391,39.1017728468301],[-74.7180857909395,39.1016960390143]]}},{"type":"Feature","id":400151,"properties":{"OBJECTID":400151,"PRIMENAME":"Dune Drive","ELEVTYP_F":0,"ELEVTYP_T":0},"geometry":{"type":"LineString","coordinates":[[-74.7229022614136,39.0959910161195],[-74.7229341864152,39.0959547985953],[-74.723483585506,39.0952557741746]]}},{"type":"Feature","id":400173,"properties":{"OBJECTID":400173,"PRIMENAME":"Dune Drive","ELEVTYP_F":0,"ELEVTYP_T":0},"geometry":{"type":"LineString","coordinates":[[-74.7489351619145,39.0650619132723],[-74.7494836291098,39.064421544065]]}},{"type":"Feature","id":400412,"properties":{"OBJECTID":400412,"PRIMENAME":"Ocean Drive","ELEVTYP_F":0,"ELEVTYP_T":0},"geometry":{"type":"LineString","coordinates":[[-74.7160544379683,39.1185084237837],[-74.7159561269055,39.1188195409962],[-74.7158732684275,39.1190817604143],[-74.7157759498181,39.1193938494221],[-74.7157142429993,39.1195917388949],[-74.7156294853102,39.1198635448172]]}},{"type":"Feature","id":400426,"properties":{"OBJECTID":400426,"PRIMENAME":"Dune Drive","ELEVTYP_F":0,"ELEVTYP_T":0},"geometry":{"type":"LineString","coordinates":[[-74.7283662775053,39.0894821744948],[-74.7289162636997,39.0888469812281]]}},{"type":"Feature","id":400439,"properties":{"OBJECTID":400439,"PRIMENAME":"Dune Drive","ELEVTYP_F":0,"ELEVTYP_T":0},"geometry":{"type":"LineString","coordinates":[[-74.7386584643829,39.0772737005015],[-74.7392014423597,39.0766318821974]]}},{"type":"Feature","id":400513,"properties":{"OBJECTID":400513,"PRIMENAME":"Dune Drive","ELEVTYP_F":0,"ELEVTYP_T":0},"geometry":{"type":"LineString","coordinates":[[-74.7451531059494,39.069557149737],[-74.7456946394026,39.0689185979333]]}},{"type":"Feature","id":400518,"properties":{"OBJECTID":400518,"PRIMENAME":"Dune Drive","ELEVTYP_F":0,"ELEVTYP_T":0},"geometry":{"type":"LineString","coordinates":[[-74.7484082689654,39.0657106622743],[-74.7489351619145,39.0650619132723]]}},{"type":"Feature","id":400537,"properties":{"OBJECTID":400537,"PRIMENAME":"Dune Drive","ELEVTYP_F":0,"ELEVTYP_T":0},"geometry":{"type":"LineString","coordinates":[[-74.7462250093502,39.0682837480132],[-74.7467740311979,39.0676265591338]]}},{"type":"Feature","id":400978,"properties":{"OBJECTID":400978,"PRIMENAME":"Dune Drive","ELEVTYP_F":0,"ELEVTYP_T":0},"geometry":{"type":"LineString","coordinates":[[-74.7478675679337,39.066351558418],[-74.7484082689654,39.0657106622743]]}},{"type":"Feature","id":401286,"properties":{"OBJECTID":401286,"PRIMENAME":"Dune Drive","ELEVTYP_F":0,"ELEVTYP_T":0},"geometry":{"type":"LineString","coordinates":[[-74.7202356100925,39.0991107332566],[-74.7207773978316,39.0984662871988]]}},{"type":"Feature","id":401485,"properties":{"OBJECTID":401485,"PRIMENAME":"Dune Drive","ELEVTYP_F":0,"ELEVTYP_T":0},"geometry":{"type":"LineString","coordinates":[[-74.7375749612087,39.0785620466119],[-74.7375758027605,39.0785610566629],[-74.7381232054003,39.0779090476528]]}},{"type":"Feature","id":402047,"properties":{"OBJECTID":402047,"PRIMENAME":"24th Street","ELEVTYP_F":0,"ELEVTYP_T":0},"geometry":{"type":"LineString","coordinates":[[-74.7228491971757,39.1012585231376],[-74.7228294103047,39.1012976334561],[-74.7228311679254,39.1013296732758],[-74.7228586607464,39.1013651790163],[-74.7229135345765,39.1014006594274],[-74.7230640207383,39.1014779373583],[-74.7232929380603,39.1015954886776],[-74.7234557704646,39.1016782646536],[-74.7237644100975,39.1018351608144],[-74.7241431565914,39.1020276922772],[-74.7256927495345,39.1028212292696],[-74.725810114797,39.1028813822621]]}}]}
